<?xml version="1.0" ?>
<failed_news>
    <failed_new type="dict">
        <url type="str">https://tech.sina.com.cn/it/2020-06-25/doc-iirczymk8871138.shtml</url>
    </failed_new>
    <failed_new type="dict">
        <url type="str">https://finance.sina.com.cn/manage/msypl/2020-06-25/doc-iircuyvk0361252.shtml</url>
        <title type="str">周星驰抵押11亿豪宅 喜剧之王遇到了什么难事？</title>
        <time type="str">2020/06/25</time>
        <cat type="str">管理				&gt;
正文</cat>
    </failed_new>
</failed_news>
