<?xml version="1.0" ?>
<failed_news>
    <failed_new type="dict">
        <url type="str">https://ent.sina.com.cn/y/ygangtai/2020-06-24/doc-iircuyvk0165161.shtmlÂ</url>
    </failed_new>
    <failed_new type="dict">
        <url type="str">https://finance.sina.com.cn/stock/relnews/cn/2020-06-24/doc-iirczymk8669494.shtml</url>
        <title type="str">神操作:方正证券先回购自家股票再卖出 倒手赚2265万</title>
        <time type="str">2020/06/24</time>
        <cat type="str">券商</cat>
    </failed_new>
    <failed_new type="dict">
        <url type="str">https://news.sina.com.cn/zx/2020-06-24/doc-iircuyvk0194953.shtml</url>
        <title type="str">“转世朱元璋”大闹列车:寡人回来了 还不速速来见朕</title>
        <time type="str">2020/06/24</time>
        <cat type="str">资讯&gt;正文</cat>
    </failed_new>
    <failed_new type="dict">
        <url type="str">http://collection.sina.com.cn/auction/pcdt/2020-06-24/doc-iircuyvk0177644.shtml</url>
    </failed_new>
    <failed_new type="dict">
        <url type="str">https://tech.sina.com.cn/n/k/2020-06-24/doc-iirczymk8668933.shtml</url>
    </failed_new>
    <failed_new type="dict">
        <url type="str">https://finance.sina.com.cn/money/nmetal/byfx/2020-06-24/doc-iirczymk8720728.shtml</url>
        <title type="str">铂金长期投资价值仍然凸显 看涨铂金ETF逻辑不变</title>
        <time type="str">2020/06/24</time>
        <cat type="str">贵金属</cat>
    </failed_new>
    <failed_new type="dict">
        <url type="str">https://finance.sina.com.cn/world/gjcj/2020-06-24/doc-iircuyvk0127091.shtml</url>
        <title type="str">孟晚舟引渡案日程确定 法院希望在2021年5月之前结案</title>
        <time type="str">2020/06/24</time>
        <cat type="str">国际财经</cat>
    </failed_new>
    <failed_new type="dict">
        <url type="str">https://tech.sina.com.cn/n/k/2020-06-24/doc-iirczymk8668933.shtml</url>
    </failed_new>
    <failed_new type="dict">
        <url type="str">http://collection.sina.com.cn/jczs/2020-06-24/doc-iircuyvk0173041.shtml</url>
    </failed_new>
</failed_news>
