<?xml version="1.0" ?>
<failed_news>
    <failed_new type="dict">
        <url type="str">https://tech.sina.com.cn/mobile/n/n/2020-06-08/doc-iircuyvi7273515.shtml</url>
    </failed_new>
    <failed_new type="dict">
        <url type="str">http://collection.sina.com.cn/qbtd/2020-06-08/doc-iircuyvi7296331.shtml</url>
    </failed_new>
    <failed_new type="dict">
        <url type="str">https://tech.sina.com.cn/n/t/2020-06-08/doc-iircuyvi7274305.shtml</url>
        <title type="str">Surface Go 2首发评测：屏幕大变脸 轻办公好选择</title>
        <time type="str">2020/06/08</time>
        <cat type="str">新浪数码</cat>
    </failed_new>
    <failed_new type="dict">
        <url type="str">https://finance.sina.com.cn/hy/hyjz/2020-06-08/doc-iirczymk5814779.shtml</url>
        <title type="str">杨伟民：全面建成小康社会并非单纯看GDP 要得到人民认可</title>
        <time type="str">2020/06/08</time>
        <cat type="str">会议讲座</cat>
    </failed_new>
    <failed_new type="dict">
        <url type="str">http://collection.sina.com.cn/hwdt/2020-06-08/doc-iircuyvi7294882.shtml</url>
    </failed_new>
    <failed_new type="dict">
        <url type="str">https://tech.sina.com.cn/n/t/2020-06-08/doc-iircuyvi7274305.shtml</url>
        <title type="str">Surface Go 2首发评测：屏幕大变脸 轻办公好选择</title>
        <time type="str">2020/06/08</time>
        <cat type="str">新浪数码</cat>
    </failed_new>
</failed_news>
