<?xml version="1.0" ?>
<failed_news>
    <failed_new type="dict">
        <url type="str">http://collection.sina.com.cn/yjjj/2020-06-22/doc-iircuyvi9761498.shtml</url>
    </failed_new>
    <failed_new type="dict">
        <url type="str">http://collection.sina.com.cn/yjjj/2020-06-22/doc-iirczymk8286641.shtml</url>
    </failed_new>
    <failed_new type="dict">
        <url type="str">https://finance.sina.com.cn/review/jcgc/2020-06-22/doc-iirczymk8271586.shtml</url>
        <title type="str">李英锋：乐见电商主播成引才“香饽饽”</title>
        <time type="str">2020/06/22</time>
        <cat type="str">评论</cat>
    </failed_new>
    <failed_new type="dict">
        <url type="str">https://tech.sina.com.cn/apple/news/2020-06-22/doc-iirczymk8265121.shtml</url>
    </failed_new>
</failed_news>
