<?xml version="1.0" ?>
<failed_news>
    <failed_new type="dict">
        <url type="str">https://tech.sina.com.cn/it/2020-06-12/doc-iircuyvi8011132.shtml</url>
    </failed_new>
    <failed_new type="dict">
        <url type="str">https://finance.sina.com.cn/money/bank/bank_hydt/2020-06-12/doc-iircuyvi8017313.shtml</url>
        <title type="str">上海推出26条举措稳就业 金融支持中小微企业</title>
        <time type="str">2020/06/12</time>
        <cat type="str">银行</cat>
    </failed_new>
    <failed_new type="dict">
        <url type="str">https://games.sina.com.cn/wm/2020-06-12/doc-iirczymk6535743.shtml</url>
    </failed_new>
    <failed_new type="dict">
        <url type="str">https://games.sina.com.cn/wm/2020-06-12/doc-iircuyvi8007389.shtml</url>
    </failed_new>
    <failed_new type="dict">
        <url type="str">https://games.sina.com.cn/wm/2020-06-12/doc-iircuyvi8037490.shtml</url>
    </failed_new>
    <failed_new type="dict">
        <url type="str">https://games.sina.com.cn/wm/2020-06-12/doc-iircuyvi8007389.shtml</url>
    </failed_new>
</failed_news>
