<?xml version="1.0" ?>
<failed_news>
    <failed_new type="dict">
        <url type="str">https://tech.sina.com.cn/mobile/n/n/2020-06-17/doc-iircuyvi8880180.shtml</url>
    </failed_new>
    <failed_new type="dict">
        <url type="str">https://finance.sina.com.cn/money/nmetal/hjzx/2020-06-17/doc-iirczymk7443458.shtml</url>
        <title type="str">黄金面临方向选择！复苏预期主导情绪 但警惕地缘增添变数</title>
        <time type="str">2020/06/17</time>
        <cat type="str">贵金属</cat>
    </failed_new>
    <failed_new type="dict">
        <url type="str">https://tech.sina.com.cn/n/n/2020-06-17/doc-iircuyvi8873173.shtml</url>
        <title type="str">微软HoloLens 2已开售：售价3500美元</title>
        <time type="str">2020/06/17</time>
        <cat type="str">新浪数码</cat>
    </failed_new>
</failed_news>
