<?xml version="1.0" ?>
<failed_news>
    <failed_new type="dict">
        <url type="str">https://tech.sina.com.cn/it/2020-06-23/doc-iircuyvi9931620.shtml</url>
    </failed_new>
    <failed_new type="dict">
        <url type="str">https://tech.sina.com.cn/it/2020-06-23/doc-iircuyvi9914511.shtml</url>
    </failed_new>
    <failed_new type="dict">
        <url type="str">https://tech.sina.com.cn/i/2020-06-23/doc-iircuyvi9940674.shtml</url>
    </failed_new>
    <failed_new type="dict">
        <url type="str">https://tech.sina.com.cn/n/k/2020-06-23/doc-iirczymk8450639.shtml</url>
    </failed_new>
    <failed_new type="dict">
        <url type="str">https://tech.sina.com.cn/n/k/2020-06-23/doc-iirczymk8450639.shtml</url>
    </failed_new>
    <failed_new type="dict">
        <url type="str">https://finance.sina.com.cn/trust/roll/2020-06-23/doc-iirczymk8532208.shtml</url>
        <title type="str">刚刚云南发文清退7%以上融资 盐城信托又提前兑付了</title>
        <time type="str">2020/06/23</time>
        <cat type="str">信托				&gt;
正文</cat>
    </failed_new>
    <failed_new type="dict">
        <url type="str">https://tech.sina.com.cn/apple/if/2020-06-23/doc-iirczymk8446484.shtml</url>
    </failed_new>
    <failed_new type="dict">
        <url type="str">https://tech.sina.com.cn/roll/2020-06-23/doc-iirczymk8481012.shtml</url>
    </failed_new>
    <failed_new type="dict">
        <url type="str">https://finance.sina.com.cn/trust/xthydt/2020-06-23/doc-iirczymk8532812.shtml</url>
        <title type="str">四川信托TOT今天最大进展：你看或不看 底层资产就在那里</title>
        <time type="str">2020/06/23</time>
        <cat type="str">信托				&gt;
正文</cat>
    </failed_new>
</failed_news>
