<?xml version="1.0" ?>
<failed_news>
    <failed_new type="dict">
        <url type="str">https://tech.sina.com.cn/mobile/n/n/2020-06-13/doc-iircuyvi8143408.shtml</url>
    </failed_new>
    <failed_new type="dict">
        <url type="str">https://finance.sina.com.cn/money/fund/jjsy/2020-06-13/doc-iircuyvi8210917.shtml</url>
        <title type="str">杨德龙：美股获利回吐 A股市场开始走出独立行情</title>
        <time type="str">2020/06/13</time>
        <cat type="str">基金</cat>
    </failed_new>
</failed_news>
