<?xml version="1.0" ?>
<failed_news>
    <failed_new type="dict">
        <url type="str">https://tech.sina.com.cn/mobile/n/n/2020-06-19/doc-iirczymk7800884.shtml</url>
    </failed_new>
    <failed_new type="dict">
        <url type="str">https://tech.sina.com.cn/it/2020-06-19/doc-iircuyvi9297123.shtml</url>
    </failed_new>
    <failed_new type="dict">
        <url type="str">https://tech.sina.com.cn/it/2020-06-19/doc-iircuyvi9274685.shtml</url>
    </failed_new>
    <failed_new type="dict">
        <url type="str">https://tech.sina.com.cn/mobile/n/n/2020-06-19/doc-iirczymk7800028.shtml</url>
    </failed_new>
    <failed_new type="dict">
        <url type="str">https://finance.sina.com.cn/money/bank/bank_hydt/2020-06-19/doc-iirczymk7795960.shtml</url>
        <title type="str">一行两会密集发声 释放更多金融改革开放红利</title>
        <time type="str">2020/06/19</time>
        <cat type="str">银行</cat>
    </failed_new>
    <failed_new type="dict">
        <url type="str">https://edu.sina.com.cn/ischool/2020-06-19/doc-iircuyvi9294031.shtml</url>
        <title type="str">新浪2020国际学校择校展云择校系列活动第二期回顾</title>
        <time type="str">2020/06/19</time>
        <cat type="str">新浪教育</cat>
    </failed_new>
    <failed_new type="dict">
        <url type="str">http://collection.sina.com.cn/auction/pcdt/2020-06-19/doc-iircuyvi9291274.shtml</url>
    </failed_new>
    <failed_new type="dict">
        <url type="str">https://finance.sina.com.cn/stock/zqgd/2020-06-19/doc-iircuyvi9246734.shtml</url>
        <title type="str">7月1日新三板首批打新：颖泰生物和艾融软件大概率100%中签(攻略)</title>
        <time type="str">2020/06/19</time>
        <cat type="str">新三板</cat>
    </failed_new>
    <failed_new type="dict">
        <url type="str">http://collection.sina.com.cn/qbtd/2020-06-19/doc-iirczymk7825013.shtml</url>
    </failed_new>
</failed_news>
