<?xml version="1.0" ?>
<failed_news>
    <failed_new type="dict">
        <url type="str">https://tech.sina.com.cn/n/n/2020-06-10/doc-iircuyvi7649513.shtml</url>
    </failed_new>
    <failed_new type="dict">
        <url type="str">https://finance.sina.com.cn/money/nmetal/hjzx/2020-06-10/doc-iirczymk6224546.shtml</url>
        <title type="str">货币贬值买黄金就正确吗？投资必看的投资框架</title>
        <time type="str">2020/06/10</time>
        <cat type="str">贵金属</cat>
    </failed_new>
    <failed_new type="dict">
        <url type="str">http://collection.sina.com.cn/yjjj/2020-06-10/doc-iircuyvi7675544.shtml</url>
    </failed_new>
    <failed_new type="dict">
        <url type="str">http://collection.sina.com.cn/hwdt/2020-06-10/doc-iircuyvi7673884.shtml</url>
    </failed_new>
    <failed_new type="dict">
        <url type="str">https://tech.sina.com.cn/it/2020-06-10/doc-iircuyvi7650553.shtml</url>
    </failed_new>
    <failed_new type="dict">
        <url type="str">https://finance.sina.com.cn/hy/hyjz/2020-06-10/doc-iirczymk6232422.shtml</url>
        <title type="str">姚洋：经济下行主要是消费不足 6月增速可能转正</title>
        <time type="str">2020/06/10</time>
        <cat type="str">会议讲座</cat>
    </failed_new>
</failed_news>
