<?xml version="1.0" ?>
<news>
    <new type="dict">
        <url type="str">https://news.sina.com.cn/gov/2020-06-14/doc-iircuyvi8362388.shtml</url>
        <title type="str">6月底前别忘了做这件事！否则可能最高被罚1万元</title>
        <time type="str">2020/06/13</time>
        <cat type="str">新浪政务</cat>
        <abstract type="str">　　原标题：6月底前别忘了做这件事！否则可能最高被罚1万元　　中新网客户端北京6月13日电(记者 李金磊)6月30日，2019年度个税综合所得年度汇算将会截止。如果你可以退税而未申请的话，那么就会损失...</abstract>
    </new>
    <new type="dict">
        <url type="str">https://news.sina.com.cn/c/2020-06-14/doc-iircuyvi8354694.shtml</url>
        <title type="str">抗疫归来后 曾两度破格晋升的学者拟获新职</title>
        <time type="str">2020/06/14</time>
        <cat type="str">国内新闻</cat>
        <abstract type="str">　　原标题：抗疫归来后，曾两度破格晋升的学者拟获新职　　6月13日，辽宁省委组织部发布拟任领导职务人选公示，其中显示，现任中国医科大学党委常委、宣传部部长，第一临床学院、附属第一医院党委书记王振宁，拟...</abstract>
    </new>
    <new type="dict">
        <url type="str">https://finance.sina.com.cn/china/2020-06-14/doc-iirczymk6871349.shtml</url>
        <title type="str">北京四地区升级为中风险、国家卫健委派驻专家组指导防控工作</title>
        <time type="str">2020/06/14</time>
        <cat type="str">国内财经</cat>
        <abstract type="str">　　【相关阅读】北京已进入非常时期！蔡奇主持召开防控工作领导小组会并“四不两直”检查新发地疫情处置和防控工作　　原标题：北京四地区升级为中风险、国家卫健委派驻专家组指导防控工作．．．．．．北京最新疫情...</abstract>
    </new>
    <new type="dict">
        <url type="str">https://news.sina.com.cn/w/2020-06-14/doc-iircuyvi8360866.shtml</url>
        <title type="str">墨西哥新增142690例新冠确诊病例 死亡升至16872例</title>
        <time type="str">2020/06/14</time>
        <cat type="str">国际新闻</cat>
        <abstract type="str">　　原标题：墨西哥新增142690例新冠肺炎确诊病例 死亡病例上升至16872例　　当地时间6月13日，墨西哥卫生部宣布，截止到6月13日晚上7时，墨西哥全国确诊142690例新冠肺炎病例，较前一天新...</abstract>
    </new>
    <new type="dict">
        <url type="str">https://sports.sina.com.cn/basketball/nba/2020-06-14/doc-iircuyvi8348924.shtml</url>
        <title type="str">欧文抵制复赛引吐槽 经纪人:他让多数球员不爽</title>
        <time type="str">2020/06/14</time>
        <cat type="str">新浪体育</cat>
        <abstract type="str">　　北京时间6月14日，据著名NBA记者基斯-史密斯报道，对于许多NBA球员反对复赛计划，某些球员和经纪人都感到十分无奈。　　昨天，篮网队球星凯里-欧文组织近百位NBA球员召开电话会议，并讨论反对NB...</abstract>
    </new>
    <new type="dict">
        <url type="str">https://ent.sina.com.cn/s/m/2020-06-14/doc-iirczymk6883432.shtml</url>
        <title type="str">朱一龙庆粉丝团十周年 晒小笼包正好10个超有心</title>
        <time type="str">2020/06/14</time>
        <cat type="str">新浪娱乐</cat>
        <abstract type="str">　　新浪娱乐讯 6月13日晚，朱一龙[微博]在微博晒出了一张吃小笼包的照片。照片中，笼屉里放着九个小笼包，朱一龙还用筷子夹着一个。有粉丝在评论中发文表示：“哥多吃点，长肉肉”，朱一龙则回应道：“拍完就...</abstract>
    </new>
    <new type="dict">
        <url type="str">https://news.sina.com.cn/w/2020-06-14/doc-iircuyvi8391940.shtml</url>
        <title type="str">特朗普生日前夜 美国网友在讨论一个扎他心的问题！</title>
        <time type="str">2020/06/14</time>
        <cat type="str">国际新闻</cat>
        <abstract type="str">　　原标题：特朗普生日前夜，美国网友在讨论一个扎他心的问题！　　6月14日，是特朗普的生日。　　按理来说，生日怎么也得有点“礼物”吧。　　这不，刚刚一打开推特，小编发现美国网友在特朗普“最爱的”推特上...</abstract>
    </new>
    <new type="dict">
        <url type="str">https://news.sina.com.cn/c/2020-06-14/doc-iirczymk6905137.shtml</url>
        <title type="str">6月13日6时至14日6时天津无新增</title>
        <time type="str">2020/06/14</time>
        <cat type="str">国内新闻</cat>
        <abstract type="str">　　原标题：最新！天津无新增　　记者从市疾控中心获悉，6月13日6时至14日6时，我市无新增报告境外输入新冠肺炎确诊病例。累计报告境外输入确诊病例60例（中国籍56例、美国籍2例、法国籍1例、菲律宾籍...</abstract>
    </new>
    <new type="dict">
        <url type="str">https://ent.sina.com.cn/m/f/2020-06-14/doc-iircuyvi8385958.shtml</url>
        <title type="str">导演保罗-金退出《帕丁顿熊3》 第三部剧本已完成</title>
        <time type="str">2020/06/14</time>
        <cat type="str">新浪娱乐</cat>
        <abstract type="str">　　新浪娱乐讯 据外媒报道，保罗·金在接受采访时确认了之前关于自己要退出《帕丁顿熊3》导演一职，他表示前两部是他人生中最棒的作品之一，但他觉得是时候向前看了，尽管他还会继续担任《帕丁顿熊3》的执行制作...</abstract>
    </new>
    <new type="dict">
        <url type="str">https://news.sina.com.cn/c/2020-06-14/doc-iirczymk6921710.shtml</url>
        <title type="str">北京：排查曾接诊确诊病例的医院及医务人员</title>
        <time type="str">2020/06/14</time>
        <cat type="str">国内新闻</cat>
        <abstract type="str">　　原标题：北京：排查曾接诊确诊病例的医院及医务人员　　新京报讯（记者 戴轩）北京市卫健委新闻发言人高小俊介绍，北京特别要求各医疗机构进一步加强医务人员全员培训，严格落实国家和北京市医务人员防护指南，...</abstract>
    </new>
    <new type="dict">
        <url type="str">https://news.sina.com.cn/w/2020-06-14/doc-iircuyvi8382117.shtml</url>
        <title type="str">英国抗议活动持续：100多名示威者被捕 6名警察受伤</title>
        <time type="str">2020/06/14</time>
        <cat type="str">国际新闻</cat>
        <abstract type="str">　　原标题：英国抗议活动持续：100多名示威者被捕 6名警察受伤　　海外网6月14日电 当地时间13日，英国首都伦敦及其他各地反对种族歧视的抗议持续蔓延，示威者和警方在伦敦市中心发生激烈冲突，当天有1...</abstract>
    </new>
    <new type="dict">
        <url type="str">https://news.sina.com.cn/c/2020-06-14/doc-iirczymk6868744.shtml</url>
        <title type="str">疫情暴发点为何指向批发市场？专家释疑</title>
        <time type="str">2020/06/14</time>
        <cat type="str">国内新闻</cat>
        <abstract type="str">　　原标题：疫情暴发点为何指向批发市场　　来源：中国纪检监察报　　6月13日，北京公布4名新增新冠肺炎确诊病例，其活动轨迹指向同一个地方——新发地农产品批发市场。与此同时，新发地市场从业人员及环境中检...</abstract>
    </new>
    <new type="dict">
        <url type="str">https://news.sina.com.cn/c/2020-06-14/doc-iirczymk6909849.shtml</url>
        <title type="str">辽宁新增2例本土确诊病例行程轨迹公布 寻找密接人员</title>
        <time type="str">2020/06/14</time>
        <cat type="str">国内新闻</cat>
        <abstract type="str">　　原标题：辽宁新增2例本土确诊病例行程轨迹公布 寻找密接人员　　6月13日，辽宁省沈阳市新增2例新型冠状病毒肺炎确诊病例（系6月13日通报的无症状感染者转为确诊病例，通过对来沈的北京确诊病例密切接触...</abstract>
    </new>
    <new type="dict">
        <url type="str">https://news.sina.com.cn/s/2020-06-14/doc-iirczymk6874111.shtml</url>
        <title type="str">童书里面奇葩多 半月谈:粗制滥造 内容失格 儿童不宜</title>
        <time type="str">2020/06/14</time>
        <cat type="str">社会万象</cat>
        <abstract type="str">　　原标题：粗制滥造、内容失格！部分童书奇葩多，“儿童不宜”　　导读　　伴随国内儿童阅读需求上升，少儿阅读市场逐渐扩大。然而，部分粗制滥造、内容失格的童书流入市场，容易对少年儿童产生不良影响。　　童书...</abstract>
    </new>
    <new type="dict">
        <url type="str">https://news.sina.com.cn/w/2020-06-14/doc-iircuyvi8359159.shtml</url>
        <title type="str">为限制在美上市中企 “反华”智库给特朗普出馊主意</title>
        <time type="str">2020/06/14</time>
        <cat type="str">国内新闻</cat>
        <abstract type="str">　　原标题：为限制在美上市中企，“反华”智库给特朗普出馊主意　　（观察者网讯）本月初，特朗普开始酝酿损招，命令下属琢磨如何限制在美上市中企。本周，一个包括前白宫顾问班农在内的“反华”外交智库为此献上一...</abstract>
    </new>
    <new type="dict">
        <url type="str">https://ent.sina.com.cn/y/ygangtai/2020-06-14/doc-iirczymk6896372.shtml</url>
        <title type="str">艾伦写七言小诗表白女友 陈乔恩第一时间回复</title>
        <time type="str">2020/06/14</time>
        <cat type="str">音乐频道</cat>
        <abstract type="str">　　新浪娱乐讯 6月14日凌晨，陈乔恩男友艾伦在社交平台晒出自己站在油画前的照片，配文是一首七言小诗，随后陈乔恩第一时间在评论区留言称“我是不会说出来曾先生昨天写诗写到半夜两点的”。(责编：漠er凡)</abstract>
    </new>
    <new type="dict">
        <url type="str">https://news.sina.com.cn/c/2020-06-14/doc-iirczymk6858379.shtml</url>
        <title type="str">呵呵 香港法院果然没让“港独”分子失望</title>
        <time type="str">2020/06/13</time>
        <cat type="str">国内新闻</cat>
        <abstract type="str">　　原标题：呵呵，香港法院果然没让“港独”分子失望　　据香港文汇网6月13日报道，“港独”组织“香港众志”副主席郑家朗、成员吴嘉儿及何秀仪去年在立法会的《国歌条例》公听会内抗议，裁判官（注：香港裁判法...</abstract>
    </new>
    <new type="dict">
        <url type="str">https://news.sina.com.cn/c/2020-06-14/doc-iirczymk6906798.shtml</url>
        <title type="str">贾跃亭所持乐视网股票拍卖流拍:1.45万人围观0人报名</title>
        <time type="str">2020/06/14</time>
        <cat type="str">国内新闻</cat>
        <abstract type="str">　　原标题：贾跃亭所持乐视网股票拍卖流拍：1.45万人围观0人报名　　贾跃亭持有的乐视网（300104）股票拍卖已经流拍。　　6月14日，京东拍卖官网显示，贾跃亭持有的2210万股“乐视网”无限售流通...</abstract>
    </new>
    <new type="dict">
        <url type="str">https://news.sina.com.cn/c/2020-06-14/doc-iirczymk6883868.shtml</url>
        <title type="str">辽宁省政府副秘书长郑滨 拟调任沈阳市副市长</title>
        <time type="str">2020/06/14</time>
        <cat type="str">国内新闻</cat>
        <abstract type="str">　　原标题：辽宁省政府副秘书长郑滨，拟调任沈阳市副市长　　6月13日，辽宁省委组织部发布拟任领导职务人选，其中显示，现任辽宁省人民政府副秘书长郑滨，拟提名为沈阳市人民政府副市长人选。　　据公开简历，郑...</abstract>
    </new>
    <new type="dict">
        <url type="str">https://news.sina.com.cn/w/2020-06-14/doc-iircuyvi8382559.shtml</url>
        <title type="str">澳大利亚“库克船长”塑像遭破坏 2名嫌疑人被捕</title>
        <time type="str">2020/06/14</time>
        <cat type="str">国际新闻</cat>
        <abstract type="str">　　原标题：澳大利亚“库克船长”塑像遭破坏 2名嫌疑人被捕　　当地时间14日凌晨，澳大利亚悉尼海德公园里的“库克船长”塑像遭人破坏，警方接到报警后赶往现场并逮捕两名女子，在他们的手提包里发现很多涂鸦喷...</abstract>
    </new>
    <new type="dict">
        <url type="str">https://news.sina.com.cn/w/2020-06-14/doc-iircuyvi8384174.shtml</url>
        <title type="str">局势升级！美国示威者涌入高速路致道路瘫痪(图)</title>
        <time type="str">2020/06/14</time>
        <cat type="str">国际新闻</cat>
        <abstract type="str">　　原标题：局势升级！示威者涌入高速路，警方动用催泪弹驱散人群　　[环球网报道 记者 崔天也]据美国有线电视新闻网（CNN）最新消息，当地时间13日晚，美国亚特兰大市警察开枪打死27岁黑人男子引起的抗...</abstract>
    </new>
    <new type="dict">
        <url type="str">https://news.sina.com.cn/c/2020-06-14/doc-iircuyvi8367429.shtml</url>
        <title type="str">亲属口述18岁少年在槽罐车爆炸中遇难</title>
        <time type="str">2020/06/14</time>
        <cat type="str">国内新闻</cat>
        <abstract type="str">　　原标题：亲属口述18岁少年在槽罐车爆炸中遇难　　6月13日，浙江台州。一位良山村村民表示，房屋在爆炸中受损，堂兄弟的孙子不幸罹难，年仅18岁。目前，进村道路已被封，部分村民回家受阻，被值守人员安排...</abstract>
    </new>
    <new type="dict">
        <url type="str">https://news.sina.com.cn/w/2020-06-14/doc-iirczymk6906529.shtml</url>
        <title type="str">菲律宾一警局疑遭阿布沙耶夫袭击 2名警员丧生</title>
        <time type="str">2020/06/14</time>
        <cat type="str">国际新闻</cat>
        <abstract type="str">　　原标题：菲律宾一警局疑遭阿布沙耶夫袭击 2名警员丧生　　据菲律宾媒体消息，6月13日晚6时30分左右，菲律宾阿布沙耶夫组织疑似袭击了苏禄省帕朗市警察局，造成两名警察死亡，另有两人受伤。随后，棉兰老...</abstract>
    </new>
    <new type="dict">
        <url type="str">https://news.sina.com.cn/c/2020-06-14/doc-iircuyvi8350287.shtml</url>
        <title type="str">新发地是个什么“地”？</title>
        <time type="str">2020/06/14</time>
        <cat type="str">国内新闻</cat>
        <abstract type="str">　　原标题：新发地是个什么“地”？　　来源：瞭望智库　　“新发地”批发市场，不仅是北京的“菜篮子”，也是全国农贸市场的“地标”。　　1　　扩张　　丰台自古就是北京的蔬菜产区，明清两代时是皇家供菜之所。...</abstract>
    </new>
    <new type="dict">
        <url type="str">https://news.sina.com.cn/c/2020-06-14/doc-iircuyvi8387104.shtml</url>
        <title type="str">浙江温岭槽罐车系被追尾后发生爆炸？官方辟谣</title>
        <time type="str">2020/06/14</time>
        <cat type="str">国内新闻</cat>
        <abstract type="str">　　来源：浙江高速交警　　#温岭大溪油罐车爆炸# 经初步调查，发生爆炸的槽罐车未与任何车辆接触。责任编辑：张迪 </abstract>
    </new>
    <new type="dict">
        <url type="str">https://tech.sina.com.cn/i/2020-06-14/doc-iircuyvi8345710.shtml</url>
        <title type="str">浑水创始人回应：为何做空跟谁学</title>
        <time type="str">2020/06/14</time>
        <cat type="str">新浪科技</cat>
        <abstract type="str">　　来源：经济观察报　　作者：李静　　“Liarslie（骗子的谎言）”——6月10日，做空机构浑水（MuddyWatersResearch）创始人卡森.布洛克（CarsonBlock）在邮件回复经济...</abstract>
    </new>
    <new type="dict">
        <url type="str">https://news.sina.com.cn/w/2020-06-14/doc-iirczymk6916222.shtml</url>
        <title type="str">加拿大多地民众抗议原住民妇女被警察枪杀</title>
        <time type="str">2020/06/14</time>
        <cat type="str">国际新闻</cat>
        <abstract type="str">　　原标题：加拿大多地民众抗议原住民妇女被警察枪杀　　当地时间13日下午，加拿大新不伦瑞克省、新斯科舍省、爱德华王子岛省的多个城市，大批民众走上街头，以“疗伤步行”的方式抗议警察枪杀一名原住民妇女的粗...</abstract>
    </new>
    <new type="dict">
        <url type="str">https://news.sina.com.cn/w/2020-06-14/doc-iircuyvi8389516.shtml</url>
        <title type="str">印度新增确诊超1.1万例 累计32万例</title>
        <time type="str">2020/06/14</time>
        <cat type="str">国际新闻</cat>
        <abstract type="str">　　原标题：[战疫全时区]印度新增确诊超1.1万例 累计32万例　　海外网6月14日电 印度卫生部官方网站公布的最新数据显示，截至当地时间6月14日上午，印度新冠肺炎确诊病例已升至320922例，累计...</abstract>
    </new>
    <new type="dict">
        <url type="str">https://news.sina.com.cn/s/2020-06-14/doc-iirczymk6887062.shtml</url>
        <title type="str">李子柒视频被剽窃 外国人还以为她是越南人…</title>
        <time type="str">2020/06/14</time>
        <cat type="str">社会万象</cat>
        <abstract type="str">　　原标题：李子柒视频被剽窃，外国人还以为她是越南人…　　► 文 观察者网 严珊珊　　被外网盛赞为“东方神秘力量”的视频博主李子柒，一直以来通过诗意的田园画风向世界展示着中国人传统而本真的生活方式，让...</abstract>
    </new>
    <new type="dict">
        <url type="str">https://news.sina.com.cn/c/2020-06-14/doc-iircuyvi8390796.shtml</url>
        <title type="str">实地探访北京商超：果蔬充足价格平稳</title>
        <time type="str">2020/06/14</time>
        <cat type="str">社会万象</cat>
        <abstract type="str">　　原标题：无需囤菜！实地探访北京商超：果蔬充足 价格平稳　　新京报讯 6月14日一早，新京报记者在朝阳区双井附近的几家超市和水果蔬菜店看到，蔬菜品种齐全，价格合理，不少市民在挑选购买。　　“果多美”...</abstract>
    </new>
    <new type="dict">
        <url type="str">https://news.sina.com.cn/w/2020-06-14/doc-iircuyvi8307336.shtml</url>
        <title type="str">记者出书曝光梅拉尼娅的秘密 她和特朗普有何“交易”？</title>
        <time type="str">2020/06/13</time>
        <cat type="str">国际新闻</cat>
        <abstract type="str">　　原标题：记者出书曝光梅拉尼娅的秘密，她和特朗普有何“交易”？　　美国第一夫人梅拉尼娅·特朗普3年前为何延迟搬入白宫？她与美国总统特朗普所生之子在家中是什么地位？她是否如传言所说整过容？一本由《华盛...</abstract>
    </new>
    <new type="dict">
        <url type="str">https://news.sina.com.cn/c/2020-06-14/doc-iircuyvi8373473.shtml</url>
        <title type="str">成都：倡议暂时停止供应、食用生食海鲜水产</title>
        <time type="str">2020/06/14</time>
        <cat type="str">国内新闻</cat>
        <abstract type="str">　　原标题：成都：倡议暂时停止供应、食用生食海鲜水产　　据成都发布微信公号6月14日凌晨消息，接到成都市新冠肺炎疫情防控指挥部疫情防控组的消息，通知全市要认真贯彻落实《关于做好新冠肺炎疫情常态化防控工...</abstract>
    </new>
    <new type="dict">
        <url type="str">https://ent.sina.com.cn/s/m/2020-06-14/doc-iirczymk6883432.shtml</url>
        <title type="str">朱一龙庆粉丝团十周年 晒小笼包正好10个超有心</title>
        <time type="str">2020/06/14</time>
        <cat type="str">新浪娱乐</cat>
        <abstract type="str">　　新浪娱乐讯 6月13日晚，朱一龙[微博]在微博晒出了一张吃小笼包的照片。照片中，笼屉里放着九个小笼包，朱一龙还用筷子夹着一个。有粉丝在评论中发文表示：“哥多吃点，长肉肉”，朱一龙则回应道：“拍完就...</abstract>
    </new>
    <new type="dict">
        <url type="str">https://news.sina.com.cn/w/2020-06-14/doc-iircuyvi8373023.shtml</url>
        <title type="str">抗议者在华盛顿市长家门口聚集 要求解散警察局</title>
        <time type="str">2020/06/14</time>
        <cat type="str">国际新闻</cat>
        <abstract type="str">　　原标题：抗议者在华盛顿市长家门口聚集 要求解散警察局　　海外网6月14日电 弗洛伊德之死引发的反种族歧视抗议仍在美国持续。美媒报道称，美国首都华盛顿的抗议活动已持续16天之久，当地抗议者13日聚集...</abstract>
    </new>
    <new type="dict">
        <url type="str">https://sports.sina.com.cn/global/germany/2020-06-14/doc-iirczymk6864349.shtml</url>
        <title type="str">德甲-帕瓦尔自摆乌龙+助攻磁卡绝杀 拜仁2-1门兴</title>
        <time type="str">2020/06/14</time>
        <cat type="str">新浪体育</cat>
        <abstract type="str">　　北京时间6月14日0时30分（德国当地时间13日18时30分），德甲第31轮开始1场角逐，拜仁主场2比1力擒门兴，保持7分领先优势，下轮取胜即可夺冠。小将齐尔克泽首开纪录，帕瓦尔自摆乌龙。终场前，...</abstract>
    </new>
    <new type="dict">
        <url type="str">https://news.sina.com.cn/gov/2020-06-14/doc-iircuyvi8363212.shtml</url>
        <title type="str">首次突破五万亿元！为了孩子们的教育，国家也是蛮拼的！</title>
        <time type="str">2020/06/13</time>
        <cat type="str">新浪政务</cat>
        <abstract type="str">　　原标题：首次突破五万亿元！为了孩子们的教育，国家也是蛮拼的！　　今天，教育部公布了2019年全国教育经费执行情况统计快报。　　数据显示，2019年，全国教育经费总投入50175亿元，比上年增长8....</abstract>
    </new>
    <new type="dict">
        <url type="str">https://news.sina.com.cn/w/2020-06-14/doc-iirczymk6916225.shtml</url>
        <title type="str">伊拉克一驻有美军军事基地遭火箭弹袭击 无人员伤亡</title>
        <time type="str">2020/06/14</time>
        <cat type="str">国际新闻</cat>
        <abstract type="str">　　原标题：伊拉克一驻有美军的军事基地遭火箭弹袭击 未造成人员伤亡　　据伊拉克军方消息，巴格达以北约20公里的塔季军事基地13日遭2枚火箭弹袭击，未造成人员伤亡。这一军事基地驻扎着负责训练伊拉克部队的...</abstract>
    </new>
    <new type="dict">
        <url type="str">https://ent.sina.com.cn/s/u/2020-06-14/doc-iirczymk6902659.shtml</url>
        <title type="str">英国女王94岁生日改变庆祝形式 取消皇家阅兵式</title>
        <time type="str">2020/06/14</time>
        <cat type="str">新浪娱乐</cat>
        <abstract type="str">　　新浪娱乐讯 据外媒，6月13日，英国温莎城堡举行了迷你阅兵仪式，庆祝英国女王94岁官方生日，此次仪式并无其他王室成员参加。受今年新冠肺炎疫情影响，英国取消了一年一度的皇家阅兵式。据BBC报道，这是...</abstract>
    </new>
    <new type="dict">
        <url type="str">https://news.sina.com.cn/c/2020-06-14/doc-iirczymk6901465.shtml</url>
        <title type="str">中疾控专家曾光：北京这次疫情中病毒毒株不像国内流行的类型</title>
        <time type="str">2020/06/14</time>
        <cat type="str">国内新闻</cat>
        <abstract type="str">　　原标题：中疾控专家曾光：北京这次疫情中病毒毒株不像国内流行的类型　　截至6月13日15时，北京西城区月坛街道，丰台区西罗园街道、花乡街道，房山区长阳镇疫情风险等级已升级为中风险地区。　　过去两天之...</abstract>
    </new>
    <new type="dict">
        <url type="str">https://news.sina.com.cn/c/xl/2020-06-14/doc-iircuyvi8393477.shtml</url>
        <title type="str">为全球产业链供应链稳定注入正能量</title>
        <time type="str">2020/06/13</time>
        <cat type="str">国内新闻</cat>
        <abstract type="str">　　原标题：[在习近平新时代中国特色社会主义思想指引下——育新机 开新局]为全球产业链供应链稳定注入正能量　　央视网消息（新闻联播）：习近平总书记指出，中国将坚定不移扩大改革开放，放宽市场准入，持续优...</abstract>
    </new>
    <new type="dict">
        <url type="str">https://news.sina.com.cn/s/2020-06-14/doc-iirczymk6819243.shtml</url>
        <title type="str">女子自称遭民警入室殴打强制猥亵：警方不予立案 检方已介入</title>
        <time type="str">2020/06/13</time>
        <cat type="str">社会万象</cat>
        <abstract type="str">　　原标题：女子自称遭民警入室殴打强制猥亵：警方不予立案，检方已介入　　2019年8月30日晚9时左右，一名男子突然闯入章女士租住的广西南宁市青秀区丰泽公寓607号房内，对她进行辱骂、殴打、强制猥亵后...</abstract>
    </new>
    <new type="dict">
        <url type="str">https://news.sina.com.cn/w/2020-06-14/doc-iircuyvi8346346.shtml</url>
        <title type="str">前世界首富也撑不住了！Zara母公司一个季度亏损32亿</title>
        <time type="str">2020/06/14</time>
        <cat type="str">国际新闻</cat>
        <abstract type="str">　　原标题：前世界首富也撑不住了！Zara母公司一个季度亏损32亿，拟关店1200家　　新冠疫情之下，时尚行业没有最惨，只有更惨。而这次连昔日的世界首富Zara创始人阿曼西奥·奥特加都撑不住了。　　在...</abstract>
    </new>
    <new type="dict">
        <url type="str">https://news.sina.com.cn/c/2020-06-14/doc-iircuyvi8389014.shtml</url>
        <title type="str">北京已进入非常时期</title>
        <time type="str">2020/06/14</time>
        <cat type="str">国内新闻</cat>
        <abstract type="str">　　原标题：北京已进入非常时期　　14日，北京新闻发布会消息，本市近日连续暴发确诊病例和核酸检测阳性病例，且都与新发地批发市场关联，北京已进入非常时期。要痛定思痛，坚决果断处置，坚决阻断疫情传播渠道，...</abstract>
    </new>
    <new type="dict">
        <url type="str">https://ent.sina.com.cn/s/m/2020-06-14/doc-iirczymk6897450.shtml</url>
        <title type="str">少年企画回应郑爽:不知艺人为何发博 望好聚好散</title>
        <time type="str">2020/06/14</time>
        <cat type="str">新浪娱乐</cat>
        <abstract type="str">　　 　　新浪娱乐讯 6月13日，郑爽[微博]在微博发文回应近日网传其在二手平台转卖节目组道具一事，解释曾答应节目组一起分担多余玩具，并且因担忧浪费物资能源，转卖是为了“要去做节约能源这件事”。并隔空...</abstract>
    </new>
    <new type="dict">
        <url type="str">https://news.sina.com.cn/c/2020-06-14/doc-iirczymk6919214.shtml</url>
        <title type="str">北京新增36例确诊病例 其中北京户籍人员8例</title>
        <time type="str">2020/06/14</time>
        <cat type="str">国内新闻</cat>
        <abstract type="str">　　原标题：北京新增36例确诊病例 其中北京户籍人员8例　　新京报快讯（记者 吴为）今天（6月14日），北京市新型冠状病毒感染的肺炎疫情防控工作举行第115场新闻发布会。　　北京市疾病预防控制中心副主...</abstract>
    </new>
    <new type="dict">
        <url type="str">https://news.sina.com.cn/s/2020-06-14/doc-iirczymk6914933.shtml</url>
        <title type="str">一图看懂仝卓“身份造假事件”背后的关系网</title>
        <time type="str">2020/06/14</time>
        <cat type="str">社会万象</cat>
        <abstract type="str">　　原标题：一图看懂仝卓“身份造假事件”背后的关系网责任编辑：郑亚鹏 </abstract>
    </new>
    <new type="dict">
        <url type="str">https://finance.sina.com.cn/china/gncj/2020-06-14/doc-iirczymk6880090.shtml</url>
        <title type="str">北京新增本地确诊病例36例 无症状感染者1例</title>
        <time type="str">2020/06/14</time>
        <cat type="str">国内财经</cat>
        <abstract type="str">　　中新网6月14日电 据北京卫健委官方微博消息，6月13日0时至24时，新增报告本地确诊病例36例、无症状感染者1例，无新增疑似病例。截至6月13日24时，累计报告本地确诊病例463例，累计出院41...</abstract>
    </new>
    <new type="dict">
        <url type="str">https://news.sina.com.cn/s/2020-06-14/doc-iirczymk6890336.shtml</url>
        <title type="str">山东平度：9名&quot;扯被&quot;救人市民已找到 拟适时表彰奖励</title>
        <time type="str">2020/06/14</time>
        <cat type="str">社会万象</cat>
        <abstract type="str">　　原标题：山东平度：9名“扯被“救人市民已全部找到，拟适时表彰奖励　　6月13日，@平度政法 发布公告称，山东平度市“扯被”救人的9名市民目前已全部找到。近期，平度市见义勇为协会将召开会议，研究认定...</abstract>
    </new>
    <new type="dict">
        <url type="str">https://news.sina.com.cn/s/2020-06-14/doc-iirczymk6892687.shtml</url>
        <title type="str">新疆巴州5辆油罐车发生火灾 消防鏖战近4小时灭火</title>
        <time type="str">2020/06/14</time>
        <cat type="str">社会万象</cat>
        <abstract type="str">　　原标题：新疆巴州5辆油罐车发生火灾 消防鏖战近4小时灭火　　中新网乌鲁木齐6月14日电 据中国应急管理部消防救援局官方微博“@中国消防”消息，6月13日3时29分，中国石油天然气运输公司新疆成品油...</abstract>
    </new>
    <new type="dict">
        <url type="str">https://ent.sina.com.cn/y/yneidi/2020-06-14/doc-iircuyvi8377475.shtml</url>
        <title type="str">喻言妈妈宣布代管后援会:有合适者出现会主动让贤</title>
        <time type="str">2020/06/14</time>
        <cat type="str">音乐频道</cat>
        <abstract type="str">　　新浪娱乐讯 6月13日，喻言[微博]妈妈通过喻言全国粉丝后援会官方微博发文宣布，将暂时代管后援会班长一职，等到合适的人出现，将会主动让贤。她表示决定对后援会大班级最高管理层进行重组，重组后由班长和...</abstract>
    </new>
    <new type="dict">
        <url type="str">https://news.sina.com.cn/w/2020-06-14/doc-iirczymk6907669.shtml</url>
        <title type="str">即便定罪，“锁喉杀”警察仍能拿超100万美元退休金</title>
        <time type="str">2020/06/14</time>
        <cat type="str">国际新闻</cat>
        <abstract type="str">　　原标题：即便定罪，“锁喉杀”警察仍能拿超100万美元退休金　　[文/观察者网 张晨静]因“跪脖锁喉”近9分钟致黑人弗洛伊德死亡，白人警察德里克·肖万（Derek Chauvin）引发了全美民愤。　...</abstract>
    </new>
    <new type="dict">
        <url type="str">https://news.sina.com.cn/c/2020-06-14/doc-iirczymk6916235.shtml</url>
        <title type="str">四川阿坝G248线马尔康邓家桥段路基塌陷 交通中断</title>
        <time type="str">2020/06/14</time>
        <cat type="str">国内新闻</cat>
        <abstract type="str">　　原标题：四川阿坝G248线马尔康邓家桥段发生路基塌陷 交通中断　　6月14日上午8时44分，四川阿坝马尔康境内G248线K958+100（邓家桥）发生路基塌陷，导致交通中断，目前工作人员正在全力抢...</abstract>
    </new>
    <new type="dict">
        <url type="str">https://sports.sina.com.cn/g/seriea/2020-06-14/doc-iirczymk6866338.shtml</url>
        <title type="str">意杯-埃里克森角球破门 国米平那不勒斯无缘决赛</title>
        <time type="str">2020/06/14</time>
        <cat type="str">新浪体育</cat>
        <abstract type="str">　　北京时间6月14日3时（意大利当地时间13日21时），意大利杯半决赛次回合又赛1场，国际米兰客场1比1平那不勒斯，总比分1比2出局，那不勒斯与尤文图斯争夺冠军。埃里克森开场2分钟角球直接破门，成为...</abstract>
    </new>
    <new type="dict">
        <url type="str">https://news.sina.com.cn/c/2020-06-14/doc-iircuyvi8396051.shtml</url>
        <title type="str">北京36例新增确诊患者 近1/3为主动就医发现</title>
        <time type="str">2020/06/14</time>
        <cat type="str">国内新闻</cat>
        <abstract type="str">　　原标题：北京36例新增确诊患者 近1/3为主动就医发现　　新京报讯（记者 戴轩）今天（6月14日）中午，北京市新冠肺炎疫情防控工作举行第115场新闻发布会。会上通报，北京昨日共确诊36例新冠肺炎患...</abstract>
    </new>
    <new type="dict">
        <url type="str">https://news.sina.com.cn/c/2020-06-14/doc-iircuyvi8329181.shtml</url>
        <title type="str">60年的考古成果！这些文物展示最早的中国</title>
        <time type="str">2020/06/13</time>
        <cat type="str">国内新闻</cat>
        <abstract type="str">　　原标题：60年的考古成果！这些文物展示最早的中国　　今天是2020年文化和自然遗产日，华夏文明五千年，这包括了公元前2000年左右建立的夏朝。但是关于夏代的情况，更多依据的是历史文献记载，缺乏像殷...</abstract>
    </new>
    <new type="dict">
        <url type="str">https://news.sina.com.cn/c/2020-06-14/doc-iirczymk6914525.shtml</url>
        <title type="str">被顶替上大学农家女：想知道她咋拿到我的录取通知书</title>
        <time type="str">2020/06/14</time>
        <cat type="str">社会万象</cat>
        <abstract type="str">　　原标题：被顶替上大学农家女：我想知道她怎么拿到我的录取通知书　　2020年5月20日，36岁的幼儿园老师、高考“落榜生”陈春秀意外发现自己被人冒名顶替。陈春秀辗转多个部门求证此事经过。在村干部组织...</abstract>
    </new>
    <new type="dict">
        <url type="str">https://news.sina.com.cn/w/2020-06-14/doc-iircuyvi8364309.shtml</url>
        <title type="str">特朗普西点军校毕业演讲：我们不是世界警察</title>
        <time type="str">2020/06/14</time>
        <cat type="str">国际新闻</cat>
        <abstract type="str">　　原标题：特朗普西点军校毕业演讲：我们不是世界警察　　13日，特朗普在西点军校毕业典礼发表演讲时称，美军的工作不是重建外国而是捍卫美国免受外敌的侵害。特朗普说，“美军没有义务来解决许多人闻所未闻的遥...</abstract>
    </new>
    <new type="dict">
        <url type="str">https://news.sina.com.cn/s/2020-06-14/doc-iircuyvi8336936.shtml</url>
        <title type="str">阿多与娘子：“渴望”下一支舞 不再挥手说再见</title>
        <time type="str">2020/06/14</time>
        <cat type="str">社会万象</cat>
        <abstract type="str">　　原标题：相对论Vol.5 | 阿多与娘子：“渴望”下一支舞 不再挥手说再见　　“有人说你俩跳的是啥？鸭子不像鸭子，鸡不像鸡。我说没关系，我们俩喜欢跳，都是自己给自己找乐子。”　　“任何人跟我说，我...</abstract>
    </new>
    <new type="dict">
        <url type="str">https://news.sina.com.cn/w/2020-06-14/doc-iirczymk6869412.shtml</url>
        <title type="str">伊拉克一驻有美军的军事基地遭“喀秋莎”火箭弹袭击</title>
        <time type="str">2020/06/14</time>
        <cat type="str">国际新闻</cat>
        <abstract type="str">　　原标题：伊拉克一驻有美军的军事基地遭火箭弹袭击　　新华社巴格达6月13日电（记者白平）据伊拉克军方消息，伊首都巴格达以北一军事基地13日遭2枚火箭弹袭击，未造成人员伤亡。该军事基地驻扎着负责训练伊...</abstract>
    </new>
    <new type="dict">
        <url type="str">https://tech.sina.com.cn/i/2020-06-14/doc-iircuyvi8351430.shtml</url>
        <title type="str">参与罢工被报复？Facebook解雇公开批评扎克伯格员工</title>
        <time type="str">2020/06/14</time>
        <cat type="str">新浪科技</cat>
        <abstract type="str">　　新浪科技讯 北京时间6月14日早间消息，据外媒报道，Facebook解雇了一名员工，理由是他在Twitter上质疑自己的一位同事就特朗普博文事件保持沉默。本月早些时候，这名员工曾公开批评扎克伯格对...</abstract>
    </new>
    <new type="dict">
        <url type="str">https://news.sina.com.cn/gov/2020-06-14/doc-iircuyvi8362388.shtml</url>
        <title type="str">6月底前别忘了做这件事！否则可能最高被罚1万元</title>
        <time type="str">2020/06/13</time>
        <cat type="str">新浪政务</cat>
        <abstract type="str">　　原标题：6月底前别忘了做这件事！否则可能最高被罚1万元　　中新网客户端北京6月13日电(记者 李金磊)6月30日，2019年度个税综合所得年度汇算将会截止。如果你可以退税而未申请的话，那么就会损失...</abstract>
    </new>
    <new type="dict">
        <url type="str">https://news.sina.com.cn/w/2020-06-14/doc-iirczymk6912328.shtml</url>
        <title type="str">特朗普将重启竞选活动 首战选在这个地点用意很深</title>
        <time type="str">2020/06/14</time>
        <cat type="str">国际新闻</cat>
        <abstract type="str">　　原标题：特朗普将重启竞选活动，首战选在这个地点用意很深　　此番特朗普逆势而为搞大规模竞选活动，要求支持者签署“免责声明”才能进场……　　文 | 海上客　　尽管疫情仍严重——现有确诊病例上百万，累计...</abstract>
    </new>
    <new type="dict">
        <url type="str">https://news.sina.com.cn/c/2020-06-14/doc-iircuyvi8383608.shtml</url>
        <title type="str">国务院督办温岭槽罐车爆炸事故</title>
        <time type="str">2020/06/14</time>
        <cat type="str">国内新闻</cat>
        <abstract type="str">　　原标题：国务院督办温岭槽罐车爆炸事故　　6月13日至14日，应急管理部持续调度浙江温岭槽罐车爆炸事故现场处置情况，要求尽快核清人数，加紧搜寻排查，科学安全施救，全力救治伤员，最大限度减少伤亡。经初...</abstract>
    </new>
    <new type="dict">
        <url type="str">https://news.sina.com.cn/o/2020-06-14/doc-iirczymk6896131.shtml</url>
        <title type="str">受疫情重创 英国经济经历“至暗时刻”</title>
        <time type="str">2020/06/14</time>
        <cat type="str">国际新闻</cat>
        <abstract type="str">　　原标题：财经观察：受疫情重创 英国经济经历“至暗时刻”　　新华社记者杨海若　　英国国家统计局最新发布的数据显示，英国4月份国内生产总值环比下滑20.4%，为1997年有月度记录以来最大跌幅。分析人...</abstract>
    </new>
    <new type="dict">
        <url type="str">https://ent.sina.com.cn/s/m/2020-06-14/doc-iirczymk6897450.shtml</url>
        <title type="str">少年企画回应郑爽:不知艺人为何发博 望好聚好散</title>
        <time type="str">2020/06/14</time>
        <cat type="str">新浪娱乐</cat>
        <abstract type="str">　　 　　新浪娱乐讯 6月13日，郑爽[微博]在微博发文回应近日网传其在二手平台转卖节目组道具一事，解释曾答应节目组一起分担多余玩具，并且因担忧浪费物资能源，转卖是为了“要去做节约能源这件事”。并隔空...</abstract>
    </new>
    <new type="dict">
        <url type="str">https://ent.sina.com.cn/m/f/2020-06-14/doc-iirczymk6891405.shtml</url>
        <title type="str">《哥斯拉大战金刚》档期推迟 目前正在后制中</title>
        <time type="str">2020/06/14</time>
        <cat type="str">新浪娱乐</cat>
        <abstract type="str">　　新浪娱乐讯 据外媒，电影《哥斯拉大战金刚》档期推迟，由原定的2020年11月20日推迟至2021年5月21日上映。该片是《金刚：骷髅岛》和《哥斯拉：怪兽之王》等的后续，定级PG-13，已拍完正在后...</abstract>
    </new>
    <new type="dict">
        <url type="str">https://news.sina.com.cn/w/2020-06-14/doc-iirczymk6878879.shtml</url>
        <title type="str">巴西圣保罗患癌市长确诊新冠肺炎</title>
        <time type="str">2020/06/14</time>
        <cat type="str">国际新闻</cat>
        <abstract type="str">　　原标题：巴西圣保罗患癌市长确诊新冠肺炎　　当地时间13日，巴西圣保罗市市长布鲁诺·科瓦斯确诊感染新冠肺炎，暂时没有出现任何症状。根据医生建议，未来几天他将继续在家工作并接受观察。　　现年39岁的科...</abstract>
    </new>
    <new type="dict">
        <url type="str">https://news.sina.com.cn/c/2020-06-14/doc-iirczymk6910772.shtml</url>
        <title type="str">浙江通报槽罐车爆炸事故 发布会现场向遇难者默哀</title>
        <time type="str">2020/06/14</time>
        <cat type="str">国内新闻</cat>
        <abstract type="str">　　原标题：浙江温岭通报槽罐车爆炸事故情况，发布会现场向遇难者默哀　　央视新闻客户端6月14日消息，今天，浙江省温岭市政府就G15沈海高速槽罐车爆炸事故召开首场新闻发布会。会上通报，该事故已造成19人...</abstract>
    </new>
    <new type="dict">
        <url type="str">https://news.sina.com.cn/o/2020-06-14/doc-iircuyvi8374279.shtml</url>
        <title type="str">民航局发出第一份“熔断指令”</title>
        <time type="str">2020/06/14</time>
        <cat type="str">国内新闻</cat>
        <abstract type="str">　　原标题：民航局发出第一份“熔断指令”　　鉴于6月11日南航CZ392孟加拉达卡至广州航班发现17位旅客新冠病毒核酸阳性，根据6月4日发布的《民航局关于调整国际客运航班的通知》有关规定，已触发航班熔...</abstract>
    </new>
    <new type="dict">
        <url type="str">https://ent.sina.com.cn/y/yneidi/2020-06-14/doc-iircuyvi8377475.shtml</url>
        <title type="str">喻言妈妈宣布代管后援会:有合适者出现会主动让贤</title>
        <time type="str">2020/06/14</time>
        <cat type="str">音乐频道</cat>
        <abstract type="str">　　新浪娱乐讯 6月13日，喻言[微博]妈妈通过喻言全国粉丝后援会官方微博发文宣布，将暂时代管后援会班长一职，等到合适的人出现，将会主动让贤。她表示决定对后援会大班级最高管理层进行重组，重组后由班长和...</abstract>
    </new>
    <new type="dict">
        <url type="str">https://ent.sina.com.cn/v/m/2020-06-14/doc-iirczymk6916054.shtml</url>
        <title type="str">网曝《春光灿烂猪八戒》将翻拍 拍摄周期22天</title>
        <time type="str">2020/06/14</time>
        <cat type="str">新浪娱乐</cat>
        <abstract type="str">　　新浪娱乐讯 近日，网曝2000年由徐峥、陶虹、孙兴、陈红、翁虹等主演的《春光灿烂猪八戒》将翻拍，预计十月在横店开拍，拍摄周期为二十二天。(责编：漠er凡)</abstract>
    </new>
    <new type="dict">
        <url type="str">https://news.sina.com.cn/w/2020-06-14/doc-iirczymk6901524.shtml</url>
        <title type="str">极右翼也在伦敦搞暴力示威 约翰逊：没有你们的位置</title>
        <time type="str">2020/06/14</time>
        <cat type="str">国际新闻</cat>
        <abstract type="str">　　原标题：极右翼也在伦敦搞暴力示威 约翰逊：没有你们的位置　　[文/观察者网 王世纯]美国黑人弗洛依德之死引发的抗议和骚乱蔓延到了英国，愤怒的抗议者一度破坏了丘吉尔的雕像。　　反种族主义示威者破坏丘...</abstract>
    </new>
    <new type="dict">
        <url type="str">https://ent.sina.com.cn/v/u/2020-06-14/doc-iirczymk6909158.shtml</url>
        <title type="str">官宣出柜！制作公司称海绵宝宝是LGBTQ群体一员</title>
        <time type="str">2020/06/14</time>
        <cat type="str">新浪娱乐</cat>
        <abstract type="str">　　新浪娱乐讯 据外媒，为了庆祝同志骄傲月，“海绵宝宝”制作公司尼克动画工作室Nickelodeon发文首次宣布海绵宝宝其实是LGBTQ群体中的一员，还公开了六色彩虹版海绵宝宝形象。(责编：漠er凡)</abstract>
    </new>
    <new type="dict">
        <url type="str">https://news.sina.com.cn/o/2020-06-14/doc-iircuyvi8332293.shtml</url>
        <title type="str">被围剿的三文鱼，北京这波疫情的链条如何串起？</title>
        <time type="str">2020/06/14</time>
        <cat type="str">国内新闻</cat>
        <abstract type="str">　　原标题：被围剿的三文鱼，北京这波疫情的链条如何串起？　　中新网客户端北京6月14日电 连续两天多人确诊，40多人咽拭子阳性，40件环境阳性样本……北京新发地，让本土疫情再度成为舆论关注的焦点。　　...</abstract>
    </new>
    <new type="dict">
        <url type="str">https://news.sina.com.cn/w/2020-06-14/doc-iirczymk6896766.shtml</url>
        <title type="str">韩国统一部：朝韩应努力遵守南北间各项协议</title>
        <time type="str">2020/06/14</time>
        <cat type="str">国际新闻</cat>
        <abstract type="str">　　原标题：韩国统一部：朝韩应努力遵守南北间各项协议　　当地时间14日，针对朝鲜劳动党中央委员会第一副部长金与正日前关于将对韩采取下一阶段行动的谈话内容，韩国统一部表示，韩国政府认为朝韩间现在情况严重...</abstract>
    </new>
    <new type="dict">
        <url type="str">https://news.sina.com.cn/o/2020-06-14/doc-iirczymk6860291.shtml</url>
        <title type="str">最高800万元！30多地买房给补贴，你心动了吗？</title>
        <time type="str">2020/06/14</time>
        <cat type="str">国内新闻</cat>
        <abstract type="str">　　原标题：最高800万元！30多地买房给补贴，你心动了吗？　　中新网客户端北京6月14日电（彭婧如）买房给补贴，最高800万元！　　这个消息不知打动了多少购房者的心。今年以来，各大城市的“抢人大战”...</abstract>
    </new>
    <new type="dict">
        <url type="str">https://news.sina.com.cn/gov/2020-06-14/doc-iirczymk6890621.shtml</url>
        <title type="str">最高800万元！30多地买房给补贴你心动了吗？</title>
        <time type="str">2020/06/14</time>
        <cat type="str">新浪政务</cat>
        <abstract type="str">　　原标题：最高800万元！30多地买房给补贴，你心动了吗？　　中新网客户端北京6月14日电(彭婧如)买房给补贴，最高800万元！　　这个消息不知打动了多少购房者的心。今年以来，各大城市的“抢人大战”...</abstract>
    </new>
    <new type="dict">
        <url type="str">https://news.sina.com.cn/c/2020-06-14/doc-iirczymk6921430.shtml</url>
        <title type="str">北京市卫健委：对就诊发热者全部检测核酸、抗体</title>
        <time type="str">2020/06/14</time>
        <cat type="str">国内新闻</cat>
        <abstract type="str">　　原标题：北京市卫健委：对就诊发热者全部检测核酸、抗体　　新京报讯（记者 戴轩）今天（6月14日），北京市新型冠状病毒感染的肺炎疫情防控工作举行第115场新闻发布会。北京市卫健委新闻发言人高小俊介绍...</abstract>
    </new>
    <new type="dict">
        <url type="str">https://news.sina.com.cn/w/2020-06-14/doc-iirczymk6899329.shtml</url>
        <title type="str">美黑人男子遭警察枪击身亡局长辞职 黑人警察接任</title>
        <time type="str">2020/06/14</time>
        <cat type="str">国际新闻</cat>
        <abstract type="str">　　原标题：美国黑人男子遭警察枪击身亡，警察局长辞职，黑人警察接任　　海外网月6月14日电 美国黑人男子雷莎德·布鲁克斯12日被亚特兰大市警察枪击后身亡，当地时间13日，在事件发生不到24小时后，亚特...</abstract>
    </new>
    <new type="dict">
        <url type="str">https://news.sina.com.cn/w/2020-06-14/doc-iircuyvi8357048.shtml</url>
        <title type="str">美国黑人夺枪拒捕遭警察击毙 警察局长秒辞职</title>
        <time type="str">2020/06/14</time>
        <cat type="str">国际新闻</cat>
        <abstract type="str">　　原标题：美国黑人夺枪拒捕遭警察击毙，警察局长秒辞　　（观察者网 讯）美国佐治亚州亚特兰大市发生一起黑人男子被警察枪杀的事件。正值全美反种族歧视示威高峰，亚特兰大警察局局长在案件发生数小时后即宣告辞...</abstract>
    </new>
    <new type="dict">
        <url type="str">https://news.sina.com.cn/c/2020-06-14/doc-iirczymk6906542.shtml</url>
        <title type="str">台湾宜兰县海域发生5.5级地震 福建多地有震感</title>
        <time type="str">2020/06/14</time>
        <cat type="str">国内新闻</cat>
        <abstract type="str">　　原标题：台湾宜兰县海域发生5.5级地震 福建多地有震感　　据中国地震台网正式测定，6月14日4时18分在台湾宜兰县海域发生5.5级地震，震源深度27千米，震中位于北纬24.29度，东经122.41...</abstract>
    </new>
    <new type="dict">
        <url type="str">https://ent.sina.com.cn/y/yneidi/2020-06-14/doc-iirczymk6888232.shtml</url>
        <title type="str">贾玲晒郎朗13岁照为其庆生 大夸他才华横溢又可爱</title>
        <time type="str">2020/06/14</time>
        <cat type="str">音乐频道</cat>
        <abstract type="str">　　新浪娱乐讯 6月14日是郎朗[微博]的38岁生日，贾玲[微博]在微博晒出了郎朗13岁弹钢琴时的一张截图为他庆生，她写道：“手是传家宝的你，眼睛像铜铃的你，才华横溢的你，憨憨可爱的你，郎朗生日快乐。...</abstract>
    </new>
    <new type="dict">
        <url type="str">https://news.sina.com.cn/w/2020-06-14/doc-iirczymk6815060.shtml</url>
        <title type="str">一名年轻黑人被发现吊死在树上 美国人怒火再次引发</title>
        <time type="str">2020/06/13</time>
        <cat type="str">国际新闻</cat>
        <abstract type="str">　　原标题：一名年轻黑人被发现吊死在树上，美国人怒火再次引发！　　警方称该男子似乎是“自杀身亡”，但有人猜测这是警方为掩盖私刑的一种手段，不少网友呼吁对此事进行全面调查。　　又一名黑人男子的死亡事件引...</abstract>
    </new>
    <new type="dict">
        <url type="str">https://news.sina.com.cn/c/2020-06-14/doc-iircuyvi8358225.shtml</url>
        <title type="str">河北阳原多村民被贷款: 官方:原信用社主任违规放贷</title>
        <time type="str">2020/06/14</time>
        <cat type="str">社会万象</cat>
        <abstract type="str">　　原标题：阳原多村民“被贷款” 官方：原信用社主任违规放贷　　阳原多村民“被贷款”一事，阳原县委、县政府的官方通报来了。　　以下为官方通报：　　2020年6月12日，新京报《财经风暴眼》以《河北阳原...</abstract>
    </new>
    <new type="dict">
        <url type="str">https://news.sina.com.cn/w/2020-06-14/doc-iirczymk6864467.shtml</url>
        <title type="str">&quot;黑人的命也是命&quot;抗议在伦敦进行 反抗议者袭击警察</title>
        <time type="str">2020/06/14</time>
        <cat type="str">国际新闻</cat>
        <abstract type="str">　　原标题：伦敦反抗议者袭击警察　　来源：@中国日报　　周六，“黑人的命也是命”抗议活动在伦敦和平进行，但是极右翼反抗议者与警方爆发了冲突。近来英国一些雕像因为涉及该国殖民历史而引发广泛争议，这些反抗...</abstract>
    </new>
    <new type="dict">
        <url type="str">https://news.sina.com.cn/w/2020-06-14/doc-iircuyvi8360134.shtml</url>
        <title type="str">美国完成首例新冠重症双肺移植手术 患者仅20多岁</title>
        <time type="str">2020/06/14</time>
        <cat type="str">国际新闻</cat>
        <abstract type="str">　　原标题：美国完成首例新冠重症患者双肺移植手术 患者仅20多岁　　中新网6月14日电 据外媒报道，当地时间13日，美国完成了首例冠病重症患者双肺移植手术。据报道，接受该手术的，是一名在芝加哥西北纪念...</abstract>
    </new>
    <new type="dict">
        <url type="str">https://news.sina.com.cn/w/2020-06-14/doc-iirczymk6888590.shtml</url>
        <title type="str">阿根廷首都一家养老院发生新冠肺炎聚集性感染</title>
        <time type="str">2020/06/14</time>
        <cat type="str">国际新闻</cat>
        <abstract type="str">　　原标题：阿根廷首都一家养老院发生新冠肺炎聚集性感染　　当地时间6月13日， 阿根廷首都布宜诺斯艾利斯市弗洛雷斯区的一家养老院因发生新冠肺炎聚集性感染被清空，该养老院自本周一（8日）发现第一位新冠肺...</abstract>
    </new>
    <new type="dict">
        <url type="str">https://news.sina.com.cn/w/2020-06-14/doc-iircuyvi8354225.shtml</url>
        <title type="str">这个周末 英国政府有点急了！</title>
        <time type="str">2020/06/14</time>
        <cat type="str">国际新闻</cat>
        <abstract type="str">　　原标题：这个周末，英国政府有点急了！　　来源：牛弹琴　　估计英国人也万万没想到，一场美国明尼苏达州警察跪杀黑人的悲剧，在英国正掀起一场超级风暴。　　风暴还在继续。这个周末，风暴眼中的伦敦，又大打出...</abstract>
    </new>
    <new type="dict">
        <url type="str">https://news.sina.com.cn/w/2020-06-14/doc-iirczymk6923505.shtml</url>
        <title type="str">新加坡成为国际海洋法法庭首个总部外审理地点</title>
        <time type="str">2020/06/14</time>
        <cat type="str">国际新闻</cat>
        <abstract type="str">　　原标题：新加坡成为国际海洋法法庭首个总部外审理地点　　新加坡内政部长兼律政部长尚穆根当地时间11日与国际海洋法法庭庭长白珍铉（Jin-Hyun Paik）法官通过线上仪式，代表双方签署示范协定（M...</abstract>
    </new>
    <new type="dict">
        <url type="str">https://tech.sina.com.cn/i/2020-06-14/doc-iircuyvi8346995.shtml</url>
        <title type="str">Airbnb与纽约市诉讼达和解：同意提供房东个人数据</title>
        <time type="str">2020/06/14</time>
        <cat type="str">新浪科技</cat>
        <abstract type="str">　　新浪科技讯 北京时间6月14日早间消息，据外媒报道， Airbnb已就一桩针对纽约市的重大诉讼达成和解，同意交出房东个人数据、帮助官员追踪那些违反纽约市规定的租房者。　　本周五宣布的这项协议可能会...</abstract>
    </new>
    <new type="dict">
        <url type="str">https://news.sina.com.cn/w/2020-06-14/doc-iirczymk6890743.shtml</url>
        <title type="str">巴黎爆发大规模抗议 1.5万人聚集共和国广场</title>
        <time type="str">2020/06/14</time>
        <cat type="str">国际新闻</cat>
        <abstract type="str">　　原标题：巴黎爆发大规模抗议，1.5万人聚集共和国广场　　[环球网报道 见习记者 崔妍]据英媒最新消息，当地时间13日，法国巴黎爆发大规模反种族主义抗议示威活动。1.5万名示威者聚集在共和国广场，多...</abstract>
    </new>
    <new type="dict">
        <url type="str">https://news.sina.com.cn/w/2020-06-14/doc-iirczymk6869578.shtml</url>
        <title type="str">亚特兰大警察枪杀黑人男子 警局局长辞职</title>
        <time type="str">2020/06/14</time>
        <cat type="str">国际新闻</cat>
        <abstract type="str">　　原标题：快讯！亚特兰大警察枪杀黑人男子 警局局长辞职　　来源：中国日报网　　据美联社报道，当地时间6月12日晚上，27岁黑人男子雷莎德·布鲁克斯被亚特兰大市警察枪击后死亡。13日，亚特兰大市市长表...</abstract>
    </new>
    <new type="dict">
        <url type="str">https://news.sina.com.cn/c/2020-06-14/doc-iircuyvi8389729.shtml</url>
        <title type="str">北京通报新增36例确诊患者情况 均与新发地有关</title>
        <time type="str">2020/06/14</time>
        <cat type="str">国内新闻</cat>
        <abstract type="str">　　原标题：北京通报新增36例确诊患者情况，均与新发地有关　　6月14日，在北京市新型冠状病毒肺炎疫情防控工作第115场新闻发布会上，北京市疾控中心副主任庞星火介绍了6月13日新增确诊病例相关情况。　...</abstract>
    </new>
    <new type="dict">
        <url type="str">https://news.sina.com.cn/c/2020-06-14/doc-iircuyvi8382770.shtml</url>
        <title type="str">浙江槽罐车爆炸事故：当地组成救治专班全力抢救伤员</title>
        <time type="str">2020/06/14</time>
        <cat type="str">国内新闻</cat>
        <abstract type="str">　　原标题：浙江温岭槽罐车爆炸事故已致19人遇难172人住院治疗 当地组成救治专班全力抢救伤员　　G15沈海高速槽罐车爆炸事故发生后，浙江省、台州市等医疗专家第一时间增援温岭，全力开展现场救援，并成立...</abstract>
    </new>
    <new type="dict">
        <url type="str">https://sports.sina.com.cn/g/pl/2020-06-14/doc-iirczymk6887216.shtml</url>
        <title type="str">索帅宣言：曼联重建已见效果 接下来该出成绩了</title>
        <time type="str">2020/06/14</time>
        <cat type="str">新浪体育</cat>
        <abstract type="str">　　曼联主帅索尔斯克亚称，他对于球队的建设进入了新阶段，接下来，取得成绩将是很重要的衡量标准。　　“是的，我们一直在建设一支年轻、令人兴奋、积极的球队，”索尔斯克亚说，“因为这是我们的球迷想要看到的。...</abstract>
    </new>
    <new type="dict">
        <url type="str">https://news.sina.com.cn/s/2020-06-14/doc-iirczymk6904394.shtml</url>
        <title type="str">深山生9娃夫妻已搬新居 150平米小楼由政府免费修建</title>
        <time type="str">2020/06/14</time>
        <cat type="str">社会万象</cat>
        <abstract type="str">　　原标题：深山生9娃夫妻已搬新居，150平米小楼由政府免费修建　　近日，广西90后夫妻深山生9娃引关注。11日，@新京报我们视频 探访韦国则一家的新房子，其全家已搬回新居。村里的工作人员表示，201...</abstract>
    </new>
    <new type="dict">
        <url type="str">https://ent.sina.com.cn/m/f/2020-06-14/doc-iircuyvi8395452.shtml</url>
        <title type="str">“蝙蝠俠之父”丹尼·欧尼尔逝世 享年81岁</title>
        <time type="str">2020/06/14</time>
        <cat type="str">新浪娱乐</cat>
        <abstract type="str">　　新浪娱乐讯 据台湾媒体报道，美国知名漫画作者丹尼·欧尼尔（Denny O‘Neil），曾创造出《蝙蝠侠》当中刺客联盟的首领拉斯·奥·古、“蝙蝠侠旧情人”塔莉亚·奥·古两大反派角色，对整部作品意义重...</abstract>
    </new>
    <new type="dict">
        <url type="str">https://news.sina.com.cn/o/2020-06-14/doc-iirczymk6904855.shtml</url>
        <title type="str">特朗普否认美国是“世界警察”：没义务解决别国冲突</title>
        <time type="str">2020/06/14</time>
        <cat type="str">国际新闻</cat>
        <abstract type="str">　　原标题：特朗普否认美国是“世界警察” 称没义务解决别国冲突　　中新网6月14日电 据美媒报道，当地时间13日，美国总统特朗普在西点军校对毕业生发表讲话时称，美国军队的职责不是重建海外国家，而是保卫...</abstract>
    </new>
    <new type="dict">
        <url type="str">https://news.sina.com.cn/w/2020-06-14/doc-iircuyvi8392065.shtml</url>
        <title type="str">枪杀27岁黑人男子的亚特兰大警察已被停职</title>
        <time type="str">2020/06/14</time>
        <cat type="str">国际新闻</cat>
        <abstract type="str">　　原标题：枪杀27岁黑人男子的亚特兰大警察已被停职　　据CNN 刚刚消息，亚特兰大警方发言人卡洛斯·坎波斯告诉CNN，射杀27岁黑人男子瑞哈德·布鲁克斯（Rayshard Brooks）的亚特兰大警...</abstract>
    </new>
    <new type="dict">
        <url type="str">https://news.sina.com.cn/s/2020-06-14/doc-iirczymk6858620.shtml</url>
        <title type="str">城管局长不测体温进校受阻后拆校门？当地官方通报</title>
        <time type="str">2020/06/13</time>
        <cat type="str">社会万象</cat>
        <abstract type="str">　　原标题：“城管局长不测体温进校受阻后拆校门”，当地官方通报　　2020年6月12日，冠丰慧灵学校网络自媒体公众号上发出一篇名为：“这个苏局长很强势，开私车闯校园，让测体温就拆校门”的视频，其中存在...</abstract>
    </new>
    <new type="dict">
        <url type="str">https://news.sina.com.cn/gov/2020-06-14/doc-iirczymk6890621.shtml</url>
        <title type="str">最高800万元！30多地买房给补贴你心动了吗？</title>
        <time type="str">2020/06/14</time>
        <cat type="str">新浪政务</cat>
        <abstract type="str">　　原标题：最高800万元！30多地买房给补贴，你心动了吗？　　中新网客户端北京6月14日电(彭婧如)买房给补贴，最高800万元！　　这个消息不知打动了多少购房者的心。今年以来，各大城市的“抢人大战”...</abstract>
    </new>
    <new type="dict">
        <url type="str">https://sports.sina.com.cn/g/seriea/2020-06-14/doc-iirczymk6866338.shtml</url>
        <title type="str">意杯-埃里克森角球破门 国米平那不勒斯无缘决赛</title>
        <time type="str">2020/06/14</time>
        <cat type="str">新浪体育</cat>
        <abstract type="str">　　北京时间6月14日3时（意大利当地时间13日21时），意大利杯半决赛次回合又赛1场，国际米兰客场1比1平那不勒斯，总比分1比2出局，那不勒斯与尤文图斯争夺冠军。埃里克森开场2分钟角球直接破门，成为...</abstract>
    </new>
    <new type="dict">
        <url type="str">https://news.sina.com.cn/w/2020-06-14/doc-iircuyvi8346447.shtml</url>
        <title type="str">利比亚战争新阶段:军阀哈夫塔尔败退 土耳其大赢家？</title>
        <time type="str">2020/06/14</time>
        <cat type="str">国际新闻</cat>
        <abstract type="str">　　原标题：利比亚战争新阶段：军阀哈夫塔尔败退，土耳其成最大赢家？　　6月11日，联合国利比亚支助特派团发布声明称，过去几天内在利比亚至少发现8个万人坑，这些“令人震惊”的坑穴见证了利比亚的血腥战争，...</abstract>
    </new>
    <new type="dict">
        <url type="str">https://news.sina.com.cn/c/2020-06-14/doc-iircuyvi8389760.shtml</url>
        <title type="str">北京6月13日新增36例病例 30例在丰台</title>
        <time type="str">2020/06/14</time>
        <cat type="str">国内新闻</cat>
        <abstract type="str">　　原标题：北京昨新增36例病例 30例在丰台　　　　来源：北京青年报　　　6月14日上午，北京市第115场新冠肺炎疫情防控工作新闻发布会召开，北京市疾控中心副主任庞星火介绍，6月13日0时-24时，...</abstract>
    </new>
    <new type="dict">
        <url type="str">https://news.sina.com.cn/s/2020-06-14/doc-iircuyvi8330863.shtml</url>
        <title type="str">30万两年变200万：别被炒房“大忽悠”割韭菜</title>
        <time type="str">2020/06/14</time>
        <cat type="str">社会万象</cat>
        <abstract type="str">　　原标题：30万两年变200万：别被炒房“大忽悠”割韭菜　　从房地产市场角度看，机构协作诱导个人加杠杆买房，无疑是在给市场埋雷。　　“人人皆可买房，直到财务自由”“30万两年就变200万”“某大学生...</abstract>
    </new>
    <new type="dict">
        <url type="str">https://sports.sina.com.cn/l/2020-06-14/doc-iircuyvi8344457.shtml</url>
        <title type="str">男子戴卡通头套孤身兑大乐透1906万：有点小激动</title>
        <time type="str">2020/06/14</time>
        <cat type="str">新浪体育</cat>
        <abstract type="str">　　编者按：来自青海的古先生是体彩大乐透20042期一等奖得主，凭借一张6+2的追加复式票揽获奖金1906万，购彩多年的他在选号方面颇有秘诀。时隔一周后，他孤身一人现身当地体彩中心低调兑走这笔大奖，接...</abstract>
    </new>
    <new type="dict">
        <url type="str">https://news.sina.com.cn/c/2020-06-14/doc-iirczymk6919404.shtml</url>
        <title type="str">北京36例新增病例情况：新发地市场工作者27例</title>
        <time type="str">2020/06/14</time>
        <cat type="str">国内新闻</cat>
        <abstract type="str">　　原标题：北京36例新增病例情况：新发地市场工作者27例　　来源：北京青年报　　6月14日上午，北京市第115场新冠肺炎疫情防控工作新闻发布会召开。北京市疾控中心副主任庞星火通报了新增确诊病例相关情...</abstract>
    </new>
    <new type="dict">
        <url type="str">https://tech.sina.com.cn/i/2020-06-14/doc-iirczymk6880467.shtml</url>
        <title type="str">苹果微软等科技巨头称重视多元化 数据却打了他们的脸</title>
        <time type="str">2020/06/14</time>
        <cat type="str">新浪科技</cat>
        <abstract type="str">　　新浪科技讯 北京时间6月14日消息，据外媒报道，国外科技巨头在雇佣更多少数族裔员工方面进展甚微。　　外媒通过对年度披露数据的分析发现，在首次多样性报告发布的六年之后，Alphabet、苹果、Fac...</abstract>
    </new>
    <new type="dict">
        <url type="str">https://tech.sina.com.cn/t/2020-06-14/doc-iircuyvi8344580.shtml</url>
        <title type="str">每天新增23万：他们是如何“被5G”的</title>
        <time type="str">2020/06/14</time>
        <cat type="str">新浪科技</cat>
        <abstract type="str">　　来源：经济观察报　　作者：沈怡然　　“为何用户不换5G手机，却被要求激活5G卡、办理5G套餐？”6月10日，北京联通用户李明（化名）对记者表示。　　李明在2020年2月初于北京联通官网办理了“新智...</abstract>
    </new>
    <new type="dict">
        <url type="str">https://news.sina.com.cn/c/2020-06-14/doc-iirczymk6922655.shtml</url>
        <title type="str">北京卫健委：医疗机构发热门诊不得拒诊停诊</title>
        <time type="str">2020/06/14</time>
        <cat type="str">国内新闻</cat>
        <abstract type="str">　　原标题：北京卫健委：医疗机构发热门诊不得拒诊停诊　　北京市卫健委新闻发言人高小俊14日在发布会上表示，要求各医疗机构的发热门诊，不得拒诊；未经卫生健康行政部门批准，不得停诊，随时对就诊人员数量进行...</abstract>
    </new>
    <new type="dict">
        <url type="str">https://news.sina.com.cn/w/2020-06-14/doc-iircuyvi8385650.shtml</url>
        <title type="str">美媒:研究人员称新冠病毒或已突变 更易感染人类细胞</title>
        <time type="str">2020/06/14</time>
        <cat type="str">国际新闻</cat>
        <abstract type="str">　　原标题：美媒：研究人员称新冠病毒很可能已“突变”，更容易感染人类细胞　　[环球网报道 见习记者 崔妍]“在我们使用的细胞培养系统中，带有这种突变的病毒比没有突变的病毒具有更强的传染性。”据美国有线...</abstract>
    </new>
    <new type="dict">
        <url type="str">https://news.sina.com.cn/s/2020-06-14/doc-iirczymk6911468.shtml</url>
        <title type="str">法院认定：购买会员后更新的“超前点播”无效</title>
        <time type="str">2020/06/14</time>
        <cat type="str">社会万象</cat>
        <abstract type="str">　　原标题：法院认定：购买会员后更新的“超前点播”无效　　近日，爱奇艺“付费超前点播”被诉一案宣判受到热议。北京互联网法院宣判确认，在原告吴某购买会员服务后更新的“付费超前点播”条款对吴某无效，爱奇艺...</abstract>
    </new>
    <new type="dict">
        <url type="str">https://news.sina.com.cn/c/2020-06-14/doc-iirczymk6918527.shtml</url>
        <title type="str">北京扩大核酸检测范围，应检尽检、逢热必检</title>
        <time type="str">2020/06/14</time>
        <cat type="str">国内新闻</cat>
        <abstract type="str">　　原标题：北京扩大核酸检测范围，应检尽检、逢热必检　　新京报快讯（记者 吴为）今天（6月14日），北京市新型冠状病毒感染的肺炎疫情防控工作举行第115场新闻发布会。　　北京市人民政府新闻发言人徐和建...</abstract>
    </new>
    <new type="dict">
        <url type="str">https://news.sina.com.cn/c/xl/2020-06-14/doc-iircuyvi8393149.shtml</url>
        <title type="str">习近平宁夏再看脱贫 一个民族都不能少</title>
        <time type="str">2020/06/12</time>
        <cat type="str">国内新闻</cat>
        <abstract type="str">　　原标题：时政微视频丨习近平宁夏再看脱贫 一个民族都不能少　　夏日炎炎，塞上江南天高云淡，草木葱茏。习近平来到宁夏回族自治区进行调研，总书记心中最牵挂的还是脱贫攻坚。　　习总书记说，我们都是中华民族...</abstract>
    </new>
    <new type="dict">
        <url type="str">https://news.sina.com.cn/c/2020-06-14/doc-iirczymk6902242.shtml</url>
        <title type="str">北京平谷对到过新发地的108人进行核酸检测均为阴性</title>
        <time type="str">2020/06/14</time>
        <cat type="str">国内新闻</cat>
        <abstract type="str">　　原标题：北京平谷对到过新发地的108人进行核酸检测 均为阴性　　来源：北京青年报　　刚刚，平谷区疾控中心发布疫情情况通报，截止6月14日8时，平谷区未出现确诊病例，平谷区疾控中心将持续对重点场所和...</abstract>
    </new>
    <new type="dict">
        <url type="str">https://tech.sina.com.cn/i/2020-06-14/doc-iircuyvi8354790.shtml</url>
        <title type="str">网易20年后再上市，归来是否仍少年</title>
        <time type="str">2020/06/14</time>
        <cat type="str">新浪科技</cat>
        <abstract type="str">　　来源：经济观察报　　作者：任晓宁　　6月11日上午9时30分，网易杭州办公园区，网易创始人、CEO丁磊敲响了二次上市的金钟。丁磊没有出现在港交所，而是和4名用户、4名员工一起云敲钟。　　这是这家2...</abstract>
    </new>
    <new type="dict">
        <url type="str">https://news.sina.com.cn/s/2020-06-14/doc-iirczymk6912948.shtml</url>
        <title type="str">云盘里的卖淫推手：涉黄组织由会所海选转向线上下单</title>
        <time type="str">2020/06/14</time>
        <cat type="str">社会万象</cat>
        <abstract type="str">　　原标题：云盘里的卖淫推手：涉黄组织由会所“海选”转向线上“下单”　　云盘是一种互联网存储工具，常常被用来共享视频、图片等资料。但有不法分子看中其海量存储、操作便捷、易于推广等特点，将其作为组织实施...</abstract>
    </new>
    <new type="dict">
        <url type="str">https://ent.sina.com.cn/y/yneidi/2020-06-14/doc-iircuyvi8382450.shtml</url>
        <title type="str">周扬青被神秘男送惊喜 甜喊“全世界最幸福的人”</title>
        <time type="str">2020/06/14</time>
        <cat type="str">音乐频道</cat>
        <abstract type="str">　　新浪娱乐讯 据台湾媒体报道，周扬青踢爆男友罗志祥惯性出轨、约妹还偷腥旗下女星恺乐，心碎任分手后，任凭小猪三番两次公开po文道歉，然周扬青坚决不复合，反倒让网友觉得更加疼惜，她恢复单身后，微博粉丝数...</abstract>
    </new>
    <new type="dict">
        <url type="str">https://finance.sina.com.cn/china/gncj/2020-06-14/doc-iircuyvi8339539.shtml</url>
        <title type="str">5城市获政策性租赁住房贷款支持</title>
        <time type="str">2020/06/14</time>
        <cat type="str">国内财经</cat>
        <abstract type="str">　　原标题：5城市获政策性租赁住房贷款支持　　本报北京6月13日电  （记者赵展慧）在住建部指导支持下，12日，沈阳、南京、合肥、青岛、长沙5个城市政府在京与中国建设银行签署发展政策性租赁住房战略合作...</abstract>
    </new>
    <new type="dict">
        <url type="str">https://news.sina.com.cn/s/2020-06-14/doc-iirczymk6874015.shtml</url>
        <title type="str">色情偷拍黑产:房客、酒店与偷拍者的对抗与破局</title>
        <time type="str">2020/06/14</time>
        <cat type="str">社会万象</cat>
        <abstract type="str">　　原标题：色情偷拍黑产③|房客、酒店与偷拍者的对抗与破局　　通过在酒店客房安装摄像头或者暴力破解家用摄像头，一条售卖房客和用户隐私画面观看权的色情黑色产业链就此形成。经过代理的宣传与“营销”，不法分...</abstract>
    </new>
    <new type="dict">
        <url type="str">https://news.sina.com.cn/c/2020-06-14/doc-iirczymk6903364.shtml</url>
        <title type="str">贵州24小时内最大降雨量达233毫米 暴雨黄色预警继续</title>
        <time type="str">2020/06/14</time>
        <cat type="str">国内新闻</cat>
        <abstract type="str">　　原标题：贵州24小时内最大降雨量已达233毫米 15县大暴雨 贵州省暴雨黄色预警继续　　据贵州省气象台气象数据监测：6月13日07时至14日07时，清镇宝塔山降下特大暴雨（233毫米），大暴雨出现...</abstract>
    </new>
    <new type="dict">
        <url type="str">https://news.sina.com.cn/c/2020-06-14/doc-iircuyvi8370000.shtml</url>
        <title type="str">湖北昨日新增无症状感染者2例</title>
        <time type="str">2020/06/14</time>
        <cat type="str">国内新闻</cat>
        <abstract type="str">　　原标题：湖北昨日新增无症状感染者2例　　2020年6月13日0—24时，湖北省新增新冠肺炎确诊病例0例，新增疑似病例0例，新增死亡病例0例，无境外输入病例。　　截至2020年6月13日24时，湖北...</abstract>
    </new>
    <new type="dict">
        <url type="str">https://news.sina.com.cn/gov/2020-06-14/doc-iircuyvi8362388.shtml</url>
        <title type="str">6月底前别忘了做这件事！否则可能最高被罚1万元</title>
        <time type="str">2020/06/13</time>
        <cat type="str">新浪政务</cat>
        <abstract type="str">　　原标题：6月底前别忘了做这件事！否则可能最高被罚1万元　　中新网客户端北京6月13日电(记者 李金磊)6月30日，2019年度个税综合所得年度汇算将会截止。如果你可以退税而未申请的话，那么就会损失...</abstract>
    </new>
    <new type="dict">
        <url type="str">https://news.sina.com.cn/c/2020-06-14/doc-iirczymk6921418.shtml</url>
        <title type="str">北京一确诊病例在民航机场巴士工作</title>
        <time type="str">2020/06/14</time>
        <cat type="str">国内新闻</cat>
        <abstract type="str">　　原标题：北京一确诊病例在民航机场巴士工作　　北京公布一病例详情：病例17，某男，56岁，北京西城人，工作单位为北京民航机场巴士公司，现住西城区永宁胡同。3日到新发地市场采购，5日出现乏力、头痛，1...</abstract>
    </new>
    <new type="dict">
        <url type="str">https://news.sina.com.cn/c/2020-06-14/doc-iirczymk6923032.shtml</url>
        <title type="str">北京近期去过新发地市场人员可打120坐专车诊疗</title>
        <time type="str">2020/06/14</time>
        <cat type="str">国内新闻</cat>
        <abstract type="str">　　原标题：北京近期去过新发地市场人员可打120坐专车诊疗　　新京报快讯（记者 吴为）6月14日，北京市新型冠状病毒感染的肺炎疫情防控工作举行第115场新闻发布会。　　北京市卫生健康委新闻发言人高小俊...</abstract>
    </new>
    <new type="dict">
        <url type="str">https://news.sina.com.cn/c/2020-06-14/doc-iirczymk6916979.shtml</url>
        <title type="str">新京报：豪车摆摊 底层生计岂容如此戏谑？</title>
        <time type="str">2020/06/14</time>
        <cat type="str">国内新闻</cat>
        <abstract type="str">　　原标题：豪车摆摊：底层生计岂容如此戏谑？　　忽如一夜春风来，千摊万摊齐摆开——近段时间以来，“地摊经济”火热，在这场奔涌的热潮当中，一些城市恢复了往日的烟火气，迸发出蓬勃的生机。　　然而，正如每一...</abstract>
    </new>
    <new type="dict">
        <url type="str">https://news.sina.com.cn/c/2020-06-14/doc-iircuyvi8374585.shtml</url>
        <title type="str">别慌！北京新发地购置的果蔬鱼肉可以吃</title>
        <time type="str">2020/06/14</time>
        <cat type="str">国内新闻</cat>
        <abstract type="str">　　原标题：别慌！新发地购置的果蔬鱼肉可以吃　　（健康时报记者 吕霖）6月13日，北京新发地批发市场暂时休市，进行全面卫生整治和环境消杀。北京市商务局二级巡视员王洪存表示，新发地蔬菜占北京全市供应总量...</abstract>
    </new>
    <new type="dict">
        <url type="str">https://news.sina.com.cn/w/2020-06-14/doc-iircuyvi8396966.shtml</url>
        <title type="str">美网迎140年首位女赛事总监 阿拉斯特曾任WTA主席</title>
        <time type="str">2020/06/14</time>
        <cat type="str">国际新闻</cat>
        <abstract type="str">　　原标题：美网迎140年首位女赛事总监，阿拉斯特曾任WTA主席　　新京报讯（记者 孙海光）美国网球协会日前宣布，斯黛茜·阿拉斯特被任命为美国网球公开赛赛事总监，她也成为美网140年史上首位女性赛事总...</abstract>
    </new>
    <new type="dict">
        <url type="str">https://news.sina.com.cn/c/2020-06-14/doc-iirczymk6897979.shtml</url>
        <title type="str">安徽萧县融入江苏徐州：双方就轨道交通项目达成一致</title>
        <time type="str">2020/06/14</time>
        <cat type="str">国内新闻</cat>
        <abstract type="str">　　原标题：安徽萧县跨省融入江苏徐州：双方就轨道交通项目达成一致意见　　安徽省宿州市萧县正在加快向东跨越皖苏两省融入徐州市的步伐。　　江苏省交通运输厅网站6月8日发布来自徐州市铁路建设发展服务中心的消...</abstract>
    </new>
    <new type="dict">
        <url type="str">https://news.sina.com.cn/gov/2020-06-14/doc-iirczymk6892010.shtml</url>
        <title type="str">能否摘口罩、开空调?《复学复课工作20问》回复</title>
        <time type="str">2020/06/13</time>
        <cat type="str">新浪政务</cat>
        <abstract type="str">　　原标题：能否摘口罩 开空调？两部委发布《复学复课工作20问》权威回复防疫问题　　截至6月9日，全国已有超过1.97亿学生复学复课，占在校生总数比例超过71%。随着复学复课人数不断增加，聚集性疫情风...</abstract>
    </new>
    <new type="dict">
        <url type="str">https://news.sina.com.cn/c/xl/2020-06-14/doc-iirczymk6922109.shtml</url>
        <title type="str">习近平给党员干部的15句箴言</title>
        <time type="str">2020/06/13</time>
        <cat type="str">国内新闻</cat>
        <abstract type="str">　　原标题：图解：今年八次国内考察，习近平给党员干部的15句箴言责任编辑：张迪 </abstract>
    </new>
    <new type="dict">
        <url type="str">https://news.sina.com.cn/s/2020-06-14/doc-iirczymk6878157.shtml</url>
        <title type="str">浙江槽罐车爆炸：2名司机失联 涉事公司曾被11次处罚</title>
        <time type="str">2020/06/14</time>
        <cat type="str">社会万象</cat>
        <abstract type="str">　　原标题：浙江温岭槽罐车爆炸已致18人死亡：2名司机失联，涉事公司曾被11次处罚　　6月13日16：40左右，G15沈海高速温岭市大溪镇良山村附近高速公路上，一槽罐车爆炸后冲出高速公路。据温岭市6月...</abstract>
    </new>
    <new type="dict">
        <url type="str">https://news.sina.com.cn/w/2020-06-14/doc-iircuyvi8342698.shtml</url>
        <title type="str">美国单日新增确诊病例逾2.4万例 累计逾206万例</title>
        <time type="str">2020/06/14</time>
        <cat type="str">国际新闻</cat>
        <abstract type="str">　　原标题：[战疫全时区]美国单日新增确诊病例逾2.4万例 累计逾206万例　　海外网6月14日电 美国约翰斯·霍普金斯大学发布的疫情数据显示，截至北京时间6月14日6时30分左右，美国累计确诊206...</abstract>
    </new>
    <new type="dict">
        <url type="str">https://news.sina.com.cn/gov/2020-06-14/doc-iirczymk6890621.shtml</url>
        <title type="str">最高800万元！30多地买房给补贴你心动了吗？</title>
        <time type="str">2020/06/14</time>
        <cat type="str">新浪政务</cat>
        <abstract type="str">　　原标题：最高800万元！30多地买房给补贴，你心动了吗？　　中新网客户端北京6月14日电(彭婧如)买房给补贴，最高800万元！　　这个消息不知打动了多少购房者的心。今年以来，各大城市的“抢人大战”...</abstract>
    </new>
    <new type="dict">
        <url type="str">https://ent.sina.com.cn/s/u/2020-06-14/doc-iirczymk6902659.shtml</url>
        <title type="str">英国女王94岁生日改变庆祝形式 取消皇家阅兵式</title>
        <time type="str">2020/06/14</time>
        <cat type="str">新浪娱乐</cat>
        <abstract type="str">　　新浪娱乐讯 据外媒，6月13日，英国温莎城堡举行了迷你阅兵仪式，庆祝英国女王94岁官方生日，此次仪式并无其他王室成员参加。受今年新冠肺炎疫情影响，英国取消了一年一度的皇家阅兵式。据BBC报道，这是...</abstract>
    </new>
</news>
