<?xml version="1.0" ?>
<news>
    <new type="dict">
        <url type="str">https://tech.sina.com.cn/i/2020-06-27/doc-iircuyvk0606166.shtml</url>
        <title type="str">美政府：科技公司CEO需确保社交平台不被用来煽动暴力</title>
        <time type="str">2020/06/27</time>
        <cat type="str">新浪科技</cat>
        <abstract type="str">　　新浪科技讯 北京时间6月27日早间消息，据外媒报道，美国国土安全部（The U.S. Department of Homeland Security）致函五家大型科技公司的首席执行官，要求他们确保...</abstract>
    </new>
    <new type="dict">
        <url type="str">https://ent.sina.com.cn/m/f/2020-06-27/doc-iirczymk9136357.shtml</url>
        <title type="str">电影《花木兰》改档 延期至8月21日上映</title>
        <time type="str">2020/06/27</time>
        <cat type="str">新浪娱乐</cat>
        <abstract type="str">　　新浪娱乐讯 据外媒，迪士尼真人电影《花木兰》延期到8月21日上映。　　此前，迪士尼CEO确认花木兰档期，将于7月24日北美上映。但因近日美国若干州内新冠感染人数急剧上升，定档7月24日北美上映的迪...</abstract>
    </new>
    <new type="dict">
        <url type="str">https://news.sina.com.cn/c/2020-06-27/doc-iirczymk9178575.shtml</url>
        <title type="str">哈药集团：仍持有GNC中国65%的股权，业务不受影响</title>
        <time type="str">2020/06/27</time>
        <cat type="str">国内新闻</cat>
        <abstract type="str">　　原标题：哈药集团：仍持有GNC中国65%的股权，业务不受影响　　6月27日，记者从哈药集团获悉，全球知名膳食补充剂营养品牌健安喜GNC母公司GNC Holdings Inc。预期将于2020年秋季...</abstract>
    </new>
    <new type="dict">
        <url type="str">https://news.sina.com.cn/c/2020-06-27/doc-iircuyvk0646255.shtml</url>
        <title type="str">“北京餐饮”APP将上线，从业者可免费学习疫情防控</title>
        <time type="str">2020/06/27</time>
        <cat type="str">国内新闻</cat>
        <abstract type="str">　　原标题：“北京餐饮”APP将上线，从业者可免费学习疫情防控　　新京报讯（记者 王萍）据北京市餐饮行业协会消息，6月29日，“北京餐饮”APP将正式上线。目前APP内已上线包括餐饮行业疫情防控、垃圾...</abstract>
    </new>
    <new type="dict">
        <url type="str">https://news.sina.com.cn/gov/2020-06-27/doc-iircuyvk0624475.shtml</url>
        <title type="str">生态治理的中国奇迹：土地盖“被子” 百姓挣“票子”</title>
        <time type="str">2020/06/27</time>
        <cat type="str">新浪政务</cat>
        <abstract type="str">　　原标题：土地盖“被子” 百姓挣“票子”（生态治理的中国奇迹（11））　　本报记者 杨子岩 扎 西　　一踏上庄浪大地，最让人震惊的，是那层层梯田，如雕如塑，如诗如画。映入满眼的，是那浓郁的绿，一层层...</abstract>
    </new>
    <new type="dict">
        <url type="str">https://mil.news.sina.com.cn/zhengming/2020-06-27/doc-iircuyvk0648786.shtml</url>
        <title type="str">中国6代战机究竟长啥样：机头尖锐无水平尾翼</title>
        <time type="str">2020/06/27</time>
        <cat type="str">新浪军事</cat>
        <abstract type="str">　　2020年5月26日，中国航空工业集团公司空气动力研究院（简称航空工业气动院）的官方微信公众号发表了一篇报道，该院设计建造的FL-62新型连续式跨声速风洞，首次承接了某新型号飞机研制试验。本次试验...</abstract>
    </new>
    <new type="dict">
        <url type="str">https://news.sina.com.cn/s/2020-06-27/doc-iircuyvk0612204.shtml</url>
        <title type="str">迪士尼电影《花木兰》将推迟至8月21日上映</title>
        <time type="str">2020/06/27</time>
        <cat type="str">社会万象</cat>
        <abstract type="str">　　原标题：迪士尼电影《花木兰》将推迟至8月21日上映　　美国消费者新闻与商业频道（CNBC）消息，迪士尼26日宣布，鉴于新冠疫情仍在持续蔓延，电影《花木兰》将推迟至8月21日上映。这是该影片第二次推...</abstract>
    </new>
    <new type="dict">
        <url type="str">https://news.sina.com.cn/w/2020-06-27/doc-iirczymk9131538.shtml</url>
        <title type="str">纽约一警察因“锁喉”执法受到起诉</title>
        <time type="str">2020/06/27</time>
        <cat type="str">国际新闻</cat>
        <abstract type="str">　　原标题：纽约一警察因“锁喉”执法受到起诉　　美国纽约市一名警察因执法时使用明令禁止的“锁喉”动作25日被捕并受到起诉，面临最高7年监禁。　　这名警察名为戴维·阿法纳多尔，39岁。他21日与3名同事...</abstract>
    </new>
    <new type="dict">
        <url type="str">https://news.sina.com.cn/c/2020-06-27/doc-iircuyvk0596080.shtml</url>
        <title type="str">“国安法”箭在弦上 “乱港四人帮”慌了？</title>
        <time type="str">2020/06/26</time>
        <cat type="str">国内新闻</cat>
        <abstract type="str">　　原标题：香港观察：“国安法”箭在弦上 “乱港四人帮”慌了？　　在“港区国安法”即将出炉之际，一些乱港头已经坐不住了。　　6月26日，“乱港四人帮”之一的香港前政务司司长陈方安生发表声明，宣布退出政...</abstract>
    </new>
    <new type="dict">
        <url type="str">https://news.sina.com.cn/gov/2020-06-27/doc-iirczymk9150943.shtml</url>
        <title type="str">支持脱贫攻坚：新版税收优惠政策指引来了</title>
        <time type="str">2020/06/26</time>
        <cat type="str">新浪政务</cat>
        <abstract type="str">　　原标题：支持脱贫攻坚：新版税收优惠政策指引来了！　　新华社北京6月26日电（记者郁琼源）记者从国家税务总局了解到，为助力全面打赢脱贫攻坚战，税务部门发布新版税收优惠政策指引，从支持贫困地区基础设施...</abstract>
    </new>
    <new type="dict">
        <url type="str">https://ent.sina.com.cn/tv/zy/2020-06-27/doc-iircuyvk0655587.shtml</url>
        <title type="str">演员翁虹母亲去世 含泪写长文期待梦中再见</title>
        <time type="str">2020/06/27</time>
        <cat type="str">新浪娱乐</cat>
        <abstract type="str">　　新浪娱乐讯 6月27日，演员翁虹[微博]发长文告别母亲。她在长文中写道，母亲因病去世，因疫情隔离只能远程与家人沟通母亲的身后事宜。翁虹还表示自己每天都忍不住流泪：“怀念跟你吵架拌嘴，你耿直正义的基...</abstract>
    </new>
    <new type="dict">
        <url type="str">https://news.sina.com.cn/w/2020-06-27/doc-iirczymk9147711.shtml</url>
        <title type="str">美国加州卫生官员：抗议活动或导致新冠肺炎病例增加</title>
        <time type="str">2020/06/27</time>
        <cat type="str">国际新闻</cat>
        <abstract type="str">　　原标题：美国加州卫生官员：抗议活动或导致新冠肺炎病例增加　　当地时间6月26日，美国加州卫生官员索尼亚·安杰尔博士认为，在最近的一系列种族抗议活动中，民众在游行期间近距离接触，被认为是导致加州新冠...</abstract>
    </new>
    <new type="dict">
        <url type="str">https://news.sina.com.cn/c/2020-06-27/doc-iirczymk9136782.shtml</url>
        <title type="str">北京新增确诊17例：北京16天确诊297例</title>
        <time type="str">2020/06/27</time>
        <cat type="str">国内新闻</cat>
        <abstract type="str">　　原标题：北京新增确诊17例：北京16天确诊297例　　6月26日0时至24时，北京新增报告本地确诊病例17例、无症状感染者4例，无新增疑似病例；无新增报告境外输入确诊病例、疑似病例、无症状感染者。...</abstract>
    </new>
    <new type="dict">
        <url type="str">https://news.sina.com.cn/c/2020-06-27/doc-iirczymk9179187.shtml</url>
        <title type="str">陕西近期通报40起违规插手干预工程和矿产案例</title>
        <time type="str">2020/06/27</time>
        <cat type="str">国内新闻</cat>
        <abstract type="str">　　原标题：陕西近期通报40起违规插手干预工程和矿产案例　　新京报快讯 据中央纪委国家监委网站6月27日消息，汉中市城投办原主任张汉安多次利用职务之便，为他人在承揽工程、支付工程款等方面提供帮助，收受...</abstract>
    </new>
    <new type="dict">
        <url type="str">https://news.sina.com.cn/w/2020-06-27/doc-iircuyvk0603337.shtml</url>
        <title type="str">世卫组织已与中国多个疫苗研发团队合作</title>
        <time type="str">2020/06/27</time>
        <cat type="str">国际新闻</cat>
        <abstract type="str">　　原标题：世卫组织已与中国多个疫苗研发团队合作　　当地时间26日，世界卫生组织召开新冠肺炎例行发布会时宣布，#世卫组织计划明年年底前提供20亿剂疫苗#。世卫组织首席科学家苏米娅·斯瓦米纳坦表示，目前...</abstract>
    </new>
    <new type="dict">
        <url type="str">https://sports.sina.com.cn/g/laliga/2020-06-27/doc-iircuyvk0604274.shtml</url>
        <title type="str">曼联红星：我心中C罗是世界最佳 没看过贝利踢球</title>
        <time type="str">2020/06/27</time>
        <cat type="str">新浪体育</cat>
        <abstract type="str">　　曼联的葡萄牙球星布鲁诺-费尔南德斯称，C罗是他心中的世界最佳球员。　　“作为葡萄牙人，每次有人把你的名字和C罗放在一起，你会心怀感激，”费尔南德斯对《足球部落》说，“你可以喜欢梅西多过C罗，或者你...</abstract>
    </new>
    <new type="dict">
        <url type="str">https://sports.sina.com.cn/g/seriea/2020-06-27/doc-iircuyvk0598795.shtml</url>
        <title type="str">意甲-C罗造点破门+造迪巴拉伊瓜因进球 尤文4-0胜</title>
        <time type="str">2020/06/27</time>
        <cat type="str">新浪体育</cat>
        <abstract type="str">　　北京时间6月27日3时45分（意大利当地时间26日21时45分），意甲第28轮先赛1场，尤文图斯主场4比0完胜莱切。本坦库尔上半时造红牌。下半时，C罗助攻迪巴拉打破僵局，随后造点主罚命中，终场前，...</abstract>
    </new>
    <new type="dict">
        <url type="str">https://sports.sina.com.cn/g/pl/2020-06-27/doc-iirczymk9131015.shtml</url>
        <title type="str">欧洲最贵金童11人阵容：曼联新天才 多特双星</title>
        <time type="str">2020/06/27</time>
        <cat type="str">新浪体育</cat>
        <abstract type="str">　　《太阳报》评欧洲最具价值的金童11人阵容。　　门将：鲁斯（克鲁日、16万英镑）　　后卫：阿朗斯（诺维奇、1800万）、萨里巴（阿森纳、2千万）、卡巴克（沙尔克、2600万）、戴维斯（拜仁、4100...</abstract>
    </new>
    <new type="dict">
        <url type="str">https://ent.sina.com.cn/m/f/2020-06-27/doc-iirczymk9136357.shtml</url>
        <title type="str">电影《花木兰》改档 延期至8月21日上映</title>
        <time type="str">2020/06/27</time>
        <cat type="str">新浪娱乐</cat>
        <abstract type="str">　　新浪娱乐讯 据外媒，迪士尼真人电影《花木兰》延期到8月21日上映。　　此前，迪士尼CEO确认花木兰档期，将于7月24日北美上映。但因近日美国若干州内新冠感染人数急剧上升，定档7月24日北美上映的迪...</abstract>
    </new>
    <new type="dict">
        <url type="str">https://news.sina.com.cn/c/2020-06-27/doc-iirczymk9150301.shtml</url>
        <title type="str">北京疾控发布重点防控措施指引，这6项需记牢！</title>
        <time type="str">2020/06/27</time>
        <cat type="str">国内新闻</cat>
        <abstract type="str">　　原标题：北京疾控发布重点防控措施指引，这6项需记牢！　　北京市疾控中心新近发布《公众需要始终坚持的重点防控措施指引》，建议公众要始终坚持六项重点防控举措，包括：坚持常戴口罩，保持社交距离，保持手卫...</abstract>
    </new>
    <new type="dict">
        <url type="str">https://news.sina.com.cn/c/2020-06-27/doc-iircuyvk0651389.shtml</url>
        <title type="str">湖北宜昌暴雨导致交通堵塞</title>
        <time type="str">2020/06/27</time>
        <cat type="str">国内新闻</cat>
        <abstract type="str">　　原标题：湖北宜昌暴雨导致交通堵塞　　6月27日上午9时，湖北宜昌突降暴雨。　　至上午11时，西陵区、长阳东部已出现60毫米以上降水，暴雨导致城区部分路段渍水严重，导致城区部分交通要道堵塞。　　目前...</abstract>
    </new>
    <new type="dict">
        <url type="str">https://news.sina.com.cn/c/2020-06-27/doc-iircuyvk0614804.shtml</url>
        <title type="str">105所高校通过认证！教育部公布一份重磅名单</title>
        <time type="str">2020/06/27</time>
        <cat type="str">国内新闻</cat>
        <abstract type="str">　　原标题：105所高校通过认证！教育部公布一份重磅名单　　教育部临床医学专业认证工作委员会公布了截至2019年底临床医学专业通过认证的普通高等学校名单。　　包括北京大学、浙江大学、同济大学、武汉大学...</abstract>
    </new>
    <new type="dict">
        <url type="str">https://mil.news.sina.com.cn/china/2020-06-27/doc-iircuyvk0646554.shtml</url>
        <title type="str">印度多架军机在中印边境密集活动 直升机紧急着陆</title>
        <time type="str">2020/06/27</time>
        <cat type="str">新浪军事</cat>
        <abstract type="str">　　据印度ANI新闻报道，当地时间6月21日，印度陆军一架直升机在中印边境附近的拉达克东部地区紧急着陆。　　报道称，涉事的为一架“北极星”高级轻型直升机。印度陆军消息人士称，紧急着陆是在飞行员认为直升...</abstract>
    </new>
    <new type="dict">
        <url type="str">https://news.sina.com.cn/o/2020-06-27/doc-iircuyvk0646833.shtml</url>
        <title type="str">新疆阿克苏地区柯坪县发生3.2级地震 震源深度10千米</title>
        <time type="str">2020/06/27</time>
        <cat type="str">国内新闻</cat>
        <abstract type="str">　　原标题：新疆阿克苏地区柯坪县发生3.2级地震 震源深度10千米　　中新网6月27日电 据国家地震台网官方微博消息，中国地震台网正式测定：6月27日11时16分在新疆阿克苏地区柯坪县（北纬40.74...</abstract>
    </new>
    <new type="dict">
        <url type="str">https://news.sina.com.cn/s/2020-06-27/doc-iirczymk9182696.shtml</url>
        <title type="str">北京地铁4号线一男子故意裸露身体 被警方行拘10日</title>
        <time type="str">2020/06/27</time>
        <cat type="str">社会万象</cat>
        <abstract type="str">　　原标题：北京地铁4号线一男子故意裸露身体 被警方行拘10日　　新京报快讯 据北京市公安局房山分局官方微博6月27日消息，近日，有网民通过自媒体曝光称，一男子在北京地铁4号线列车上故意裸露下体，相关...</abstract>
    </new>
    <new type="dict">
        <url type="str">https://news.sina.com.cn/w/2020-06-27/doc-iircuyvk0641991.shtml</url>
        <title type="str">韩国新冠肺炎确诊病例累计达12653例 首都圈疫情频发</title>
        <time type="str">2020/06/27</time>
        <cat type="str">国际新闻</cat>
        <abstract type="str">　　原标题：韩国新冠肺炎确诊病例累计达12653例 首都圈疫情频发　　据韩国卫生部门消息，截至当地时间27日0时，过去24小时（26日0时—27日0时）韩国累计报告新增确诊新型冠状病毒感染者51人，韩...</abstract>
    </new>
    <new type="dict">
        <url type="str">https://news.sina.com.cn/c/2020-06-27/doc-iircuyvk0627441.shtml</url>
        <title type="str">天津昨日新增无症状感染者2例 无新增本地确诊</title>
        <time type="str">2020/06/27</time>
        <cat type="str">国内新闻</cat>
        <abstract type="str">　　原标题：天津昨日新增无症状感染者2例 无新增本地确诊　　来源：北京青年报　　2020年6月26日0-24时，天津市无新增报告境外输入性新型冠状病毒肺炎确诊病例。　　截至6月26日24时，天津市累计...</abstract>
    </new>
    <new type="dict">
        <url type="str">https://news.sina.com.cn/s/2020-06-27/doc-iircuyvk0637695.shtml</url>
        <title type="str">浙江宁波一对新人结婚当天遭遇电梯惊魂，14人被困！</title>
        <time type="str">2020/06/27</time>
        <cat type="str">社会万象</cat>
        <abstract type="str">　　原标题：事发洪塘！宁波一对新人结婚当天遭遇电梯惊魂，14人被困！　　6月26日下午约2点半，江北洪塘街道中旅城一期一部电梯突发故障，导致乘电梯上行的14人被困。 接到求助电话后，消防部门立即派人到...</abstract>
    </new>
    <new type="dict">
        <url type="str">https://news.sina.com.cn/s/2020-06-27/doc-iirczymk9136665.shtml</url>
        <title type="str">供应大半北京城，新发地“葱王”撑得住吗？</title>
        <time type="str">2020/06/27</time>
        <cat type="str">社会万象</cat>
        <abstract type="str">　　原标题：供应大半北京城，新发地“葱王”撑得住吗？　　疫情之前，他每天可以卖掉80吨大葱，从他手里卖出的大葱占北京供应量的大半，被称为新发地“葱王”。随着新发地市场成为疫情暴风眼，“葱王”还好吗？　...</abstract>
    </new>
    <new type="dict">
        <url type="str">https://news.sina.com.cn/c/2020-06-27/doc-iircuyvk0609956.shtml</url>
        <title type="str">新一轮疫情下的北京餐饮业</title>
        <time type="str">2020/06/27</time>
        <cat type="str">国内新闻</cat>
        <abstract type="str">　　原标题：新一轮疫情下的北京餐饮业　　6月17日凌晨1点左右，侯军在抖音平台上发布了一条视频，视频中是人头攒动的北京市海淀区双清路，路灯下人们戴着口罩，正在排队等待核酸检测。侯军举着手机跟着队伍向前...</abstract>
    </new>
    <new type="dict">
        <url type="str">https://ent.sina.com.cn/s/m/2020-06-27/doc-iircuyvk0621072.shtml</url>
        <title type="str">警方披露卡姆涉毒被抓内幕：与特大贩毒案有关</title>
        <time type="str">2020/06/27</time>
        <cat type="str">新浪娱乐</cat>
        <abstract type="str">　　（原标题：脱口秀演员卡姆涉毒是怎么被抓的？这背后竟是一个特大贩毒网络！）　　备受关注的脱口秀演员卡姆涉嫌吸毒及容留他人吸毒案，已进入公诉阶段。很少人知道，这起案件其实只是一起特大贩毒案的“插曲”。...</abstract>
    </new>
    <new type="dict">
        <url type="str">https://tech.sina.com.cn/i/2020-06-27/doc-iircuyvk0606166.shtml</url>
        <title type="str">美政府：科技公司CEO需确保社交平台不被用来煽动暴力</title>
        <time type="str">2020/06/27</time>
        <cat type="str">新浪科技</cat>
        <abstract type="str">　　新浪科技讯 北京时间6月27日早间消息，据外媒报道，美国国土安全部（The U.S. Department of Homeland Security）致函五家大型科技公司的首席执行官，要求他们确保...</abstract>
    </new>
    <new type="dict">
        <url type="str">https://news.sina.com.cn/c/2020-06-27/doc-iircuyvk0646630.shtml</url>
        <title type="str">割席？李柱铭对外媒说“提倡‘揽炒’的人一无所知”，被反对派痛骂“可不可以快点死”</title>
        <time type="str">2020/06/27</time>
        <cat type="str">国内新闻</cat>
        <abstract type="str">　　原标题：割席？李柱铭对外媒说“提倡‘揽炒’的人一无所知”，被反对派痛骂“可不可以快点死”　　[环球网报道 记者 张丽媛]自全国人大上月高票通过涉港国安立法决定后，一些乱港头目开始有所行动。官司缠身...</abstract>
    </new>
    <new type="dict">
        <url type="str">https://news.sina.com.cn/gov/2020-06-27/doc-iirczymk9150943.shtml</url>
        <title type="str">支持脱贫攻坚：新版税收优惠政策指引来了</title>
        <time type="str">2020/06/26</time>
        <cat type="str">新浪政务</cat>
        <abstract type="str">　　原标题：支持脱贫攻坚：新版税收优惠政策指引来了！　　新华社北京6月26日电（记者郁琼源）记者从国家税务总局了解到，为助力全面打赢脱贫攻坚战，税务部门发布新版税收优惠政策指引，从支持贫困地区基础设施...</abstract>
    </new>
    <new type="dict">
        <url type="str">https://news.sina.com.cn/gov/2020-06-27/doc-iirczymk9150943.shtml</url>
        <title type="str">支持脱贫攻坚：新版税收优惠政策指引来了</title>
        <time type="str">2020/06/26</time>
        <cat type="str">新浪政务</cat>
        <abstract type="str">　　原标题：支持脱贫攻坚：新版税收优惠政策指引来了！　　新华社北京6月26日电（记者郁琼源）记者从国家税务总局了解到，为助力全面打赢脱贫攻坚战，税务部门发布新版税收优惠政策指引，从支持贫困地区基础设施...</abstract>
    </new>
    <new type="dict">
        <url type="str">https://news.sina.com.cn/w/2020-06-27/doc-iirczymk9132885.shtml</url>
        <title type="str">法国重新开放巴黎奥利机场</title>
        <time type="str">2020/06/27</time>
        <cat type="str">国际新闻</cat>
        <abstract type="str">　　原标题：法国重新开放巴黎奥利机场　　新华社巴黎6月26日电（记者唐霁）因新冠疫情停运近3个月后，法国巴黎奥利机场26日重新开放。　　据法国媒体报道，26日6时25分，奥利机场开放后的首个航班起飞，...</abstract>
    </new>
    <new type="dict">
        <url type="str">https://ent.sina.com.cn/s/h/2020-06-27/doc-iirczymk9169225.shtml</url>
        <title type="str">赌王讣闻曝光四房并列为妻 神秘第十七子首曝光</title>
        <time type="str">2020/06/27</time>
        <cat type="str">新浪娱乐</cat>
        <abstract type="str">　　新浪娱乐讯 27日，据港媒报道，赌王何鸿燊于上个月病逝后，何家于今日在报章刊登讣闻，其中四房太太均以“妻”称呼，而关于子女数目也首次揭晓了赌王有十七名子女，并非公开的十六名引发不小的热议。　　这位...</abstract>
    </new>
    <new type="dict">
        <url type="str">https://news.sina.com.cn/o/2020-06-27/doc-iircuyvk0635487.shtml</url>
        <title type="str">检测结果显示：两成莫斯科人已有新冠抗体</title>
        <time type="str">2020/06/27</time>
        <cat type="str">国际新闻</cat>
        <abstract type="str">　　原标题：检测结果显示：两成莫斯科人已有新冠抗体　　参考消息网6月27日报道 据德新社莫斯科6月26日报道，莫斯科市政府当地时间周五称，在接受过新冠病毒抗体检测的莫斯科居民中，每五人就有一人检测结果...</abstract>
    </new>
    <new type="dict">
        <url type="str">https://news.sina.com.cn/w/2020-06-27/doc-iircuyvk0620203.shtml</url>
        <title type="str">印陆军司令向国防部长汇报：在中印实控线做长期准备</title>
        <time type="str">2020/06/27</time>
        <cat type="str">国际新闻</cat>
        <abstract type="str">　　原标题：印度陆军司令向国防部长汇报：在中印实控线做长期准备　　综合印度Timesnow新闻和ABP新闻报道，印度陆军参谋长（相当于陆军司令）纳拉万（Manoj Mukund Naravane）在向...</abstract>
    </new>
    <new type="dict">
        <url type="str">https://news.sina.com.cn/c/2020-06-27/doc-iirczymk9132147.shtml</url>
        <title type="str">武汉如何留下25万大学毕业生？</title>
        <time type="str">2020/06/27</time>
        <cat type="str">国内新闻</cat>
        <abstract type="str">　　原标题：武汉如何留下25万大学毕业生？　　虽然经济遭受疫情重创　　武汉仍立下“军令状”　　力保今年留汉就业创业大学生不低于25万人　　武汉如何留下25万大学毕业生　　本刊记者/胥大伟　　一场迟到却...</abstract>
    </new>
    <new type="dict">
        <url type="str">https://news.sina.com.cn/w/2020-06-27/doc-iircuyvk0638984.shtml</url>
        <title type="str">大选在即 新加坡执政党承诺保就业稳经济</title>
        <time type="str">2020/06/27</time>
        <cat type="str">国际新闻</cat>
        <abstract type="str">　　原标题：大选在即 新加坡执政党承诺保就业 稳经济　　6月27日，新加坡执政党人民行动党秘书长李显龙发表竞选纲领称，人民行动党将专注于克服全球新冠肺炎疫情带来的挑战，本届大选的口号是“守护生命、保障...</abstract>
    </new>
    <new type="dict">
        <url type="str">https://news.sina.com.cn/c/xl/2020-06-27/doc-iircuyvk0572167.shtml</url>
        <title type="str">特色产业助力 高质量完成脱贫任务</title>
        <time type="str">2020/06/26</time>
        <cat type="str">国内新闻</cat>
        <abstract type="str">　　原标题：[决战决胜脱贫攻坚]特色产业助力 高质量完成脱贫任务　　央视网消息（新闻联播）：习近平总书记强调，发展扶贫产业，重在群众受益，难在持续稳定。要延伸产业链条，提高抗风险能力，建立更加稳定的利...</abstract>
    </new>
    <new type="dict">
        <url type="str">https://mil.news.sina.com.cn/zhengming/2020-06-27/doc-iircuyvk0652723.shtml</url>
        <title type="str">面对印度挑衅中方必须做冲突升级准备 可出4招反击</title>
        <time type="str">2020/06/27</time>
        <cat type="str">新浪军事</cat>
        <abstract type="str">　　军事专家建议，面对印方，中方必须做冲突升级的准备　　来源：三策智库 ，作者王云飞　　6月24日，中印举行了边境事务磋商和协调工作机制视频会议，此前的22至23日，双方举行了第二轮军长级会谈。　　这...</abstract>
    </new>
    <new type="dict">
        <url type="str">https://news.sina.com.cn/o/2020-06-27/doc-iircuyvk0625929.shtml</url>
        <title type="str">美明尼阿波利斯推进解散警察部门计划 多方担忧加剧</title>
        <time type="str">2020/06/27</time>
        <cat type="str">国际新闻</cat>
        <abstract type="str">　　原标题：美明尼阿波利斯推进解散警察部门计划 多方担忧加剧　　中新网6月27日电 据美国中文网报道，连日来，美国公众对执法人员杀害非裔男子弗洛伊德的行为提出强烈抗议。当地时间26日，明尼阿波利斯市议...</abstract>
    </new>
    <new type="dict">
        <url type="str">https://mil.news.sina.com.cn/china/2020-06-27/doc-iircuyvk0618978.shtml</url>
        <title type="str">祸港头目一句“退出政坛” 就能逃避惩罚吗？</title>
        <time type="str">2020/06/27</time>
        <cat type="str">新浪军事</cat>
        <abstract type="str">　　香港维护国家安全法有关立法工作正在稳步推进中，曾经气焰嚣张的乱港分子难掩慌乱，纷纷做起了自保与逃跑的文章：有人变脸与“港独”割席，有人弃保潜逃，有人试图偷渡……“祸港四人帮”之一的香港前政务司司长...</abstract>
    </new>
    <new type="dict">
        <url type="str">https://tech.sina.com.cn/i/2020-06-27/doc-iirczymk9138549.shtml</url>
        <title type="str">帮助乔布斯写出斯坦福演讲稿的人走了</title>
        <time type="str">2020/06/27</time>
        <cat type="str">新浪科技</cat>
        <abstract type="str">　　新浪科技郑峻 发自美国硅谷　　帮助乔布斯写出斯坦福演讲稿的人走了。再见，霍利(Michael Hawley)教授。　　也许很多人会觉得奇怪：这不是乔布斯自己的经典演说吗？2005年6月12日，乔布...</abstract>
    </new>
    <new type="dict">
        <url type="str">https://tech.sina.com.cn/d/v/2020-06-27/doc-iirczymk9151147.shtml</url>
        <title type="str">达·芬奇和宋代画家告诉你，世上还有散射现象</title>
        <time type="str">2020/06/27</time>
        <cat type="str">新浪科技</cat>
        <abstract type="str">　　来源：科学大院　　别动！快速回答我，现在你的眼前有什么？　　你可能会说：手机、电脑、书桌、小蛋糕。。。。。。好像还有点儿什么一时想不起来。　　这被你忽略的空气，就曾是令列奥纳多·达·芬奇（Leon...</abstract>
    </new>
    <new type="dict">
        <url type="str">https://news.sina.com.cn/c/2020-06-27/doc-iircuyvk0607652.shtml</url>
        <title type="str">美国最大保健品公司破产！这家中国公司损失近20亿</title>
        <time type="str">2020/06/27</time>
        <cat type="str">国内新闻</cat>
        <abstract type="str">　　原标题：美国最大保健品公司宣告破产！这家中国公司成最大受害者，损失或逾20亿…　　疫情蔓延之下，美国企业破产潮汹涌湍急。　　当地时间6月24日，美国老牌保健食品公司GNC（美国健安喜控股有限公司）...</abstract>
    </new>
    <new type="dict">
        <url type="str">https://news.sina.com.cn/s/2020-06-27/doc-iircuyvk0616792.shtml</url>
        <title type="str">护目镜里涂洗洁精，核酸检验师一忙就是十多个小时</title>
        <time type="str">2020/06/27</time>
        <cat type="str">社会万象</cat>
        <abstract type="str">　　原标题：护目镜里涂洗洁精，核酸检验师一忙就是十多个小时　　穿上防护服、隔离衣，佩戴好N95口罩、涂了洗洁精的护目镜，套上两层医用乳胶手套和靴套……经过重重“关卡”，33岁的马俊凤再次回到通州区妇幼...</abstract>
    </new>
    <new type="dict">
        <url type="str">https://news.sina.com.cn/w/2020-06-27/doc-iirczymk9158266.shtml</url>
        <title type="str">日本首条磁悬浮铁路或无法按期运营</title>
        <time type="str">2020/06/27</time>
        <cat type="str">国际新闻</cat>
        <abstract type="str">　　原标题：日本首条磁悬浮铁路或无法按期运营　　日本首条高速磁悬浮铁路线可能无法按期于2027年投入运营，原因是地方政府出于环境保护理由反对现在开始动工。　　东海旅客铁道公司社长金子慎与静冈县知事川胜...</abstract>
    </new>
    <new type="dict">
        <url type="str">https://news.sina.com.cn/c/2020-06-27/doc-iirczymk9128008.shtml</url>
        <title type="str">中国驻美国使馆发言人就美方宣布因涉港问题对相关中方官员实施签证限制措施发表谈话</title>
        <time type="str">2020/06/27</time>
        <cat type="str">国内新闻</cat>
        <abstract type="str">　　原标题：中国驻美国使馆发言人就美方宣布因涉港问题对相关中方官员实施签证限制措施发表谈话　　中国驻美国大使馆发言人北京时间27日表示，中方坚决反对美方的错误做法。香港是中国的香港，香港事务纯属中国内...</abstract>
    </new>
    <new type="dict">
        <url type="str">https://news.sina.com.cn/s/2020-06-27/doc-iircuyvk0605926.shtml</url>
        <title type="str">外卖小哥要根薯条当蜡烛庆生 随后的事把人们看哭了</title>
        <time type="str">2020/06/27</time>
        <cat type="str">社会万象</cat>
        <abstract type="str">　　原标题：外卖小哥要了根薯条当蜡烛庆生，随后发生的事却把人们看哭了　　对大部分人而言　　过生日时吹个蜡烛　　不是什么难以实现的事　　但对为生计奔波的打工族来说　　一个像样的生日仪式　　或许就没有那么...</abstract>
    </new>
    <new type="dict">
        <url type="str">https://mil.news.sina.com.cn/zhengming/2020-06-27/doc-iircuyvk0655605.shtml</url>
        <title type="str">歼16电子战机有多强：干扰距离翻倍 优于美军EA-18G</title>
        <time type="str">2020/06/27</time>
        <cat type="str">新浪军事</cat>
        <abstract type="str">　　来源： 兵工科技　　近日，有媒体消息称，中国歼-16战机已经进驻高原地区，引起了人们的广泛关注。歼-16是我国自主研制的新一代多用途战机，性能先进，其部署高原地区，对于提升我国空军部队在高原地区的...</abstract>
    </new>
    <new type="dict">
        <url type="str">https://news.sina.com.cn/w/2020-06-27/doc-iircuyvk0609579.shtml</url>
        <title type="str">近百品牌宣布撤出脸书广告，扎克伯格终于扛不住了</title>
        <time type="str">2020/06/27</time>
        <cat type="str">国际新闻</cat>
        <abstract type="str">　　原标题：美国多州疫情反弹，美股重挫！这家巨头公司遭近百品牌撤销广告，股价大跌超8.3%　　美国时间周五，美股出现收跌，其中道琼斯工业平均指数下挫超过730点，跌幅2.8%，标普500指数下跌2.4...</abstract>
    </new>
    <new type="dict">
        <url type="str">https://news.sina.com.cn/w/2020-06-27/doc-iircuyvk0587750.shtml</url>
        <title type="str">这家熟悉的日本百年巨头撑不住了，突然宣布退出</title>
        <time type="str">2020/06/26</time>
        <cat type="str">国际新闻</cat>
        <abstract type="str">　　原标题：这家熟悉的日本百年巨头撑不住了，突然宣布退出　　日本知名的相机品牌“奥林巴斯”日前宣布，出售旗下经营了84年的相机业务。　　“奥林巴斯”相机一度非常畅销，现在为何要卖掉相机业务？　　据日本...</abstract>
    </new>
    <new type="dict">
        <url type="str">https://news.sina.com.cn/c/xl/2020-06-27/doc-iircuyvk0581419.shtml</url>
        <title type="str">暴雨！暴雨！这些地方的受灾群众怎么样了</title>
        <time type="str">2020/06/26</time>
        <cat type="str">国内新闻</cat>
        <abstract type="str">　　原标题：焦点访谈丨暴雨！暴雨！暴雨！这些地方的受灾群众怎么样了？　　央视网消息（焦点访谈）：今天，中央气象台继续发布暴雨蓝色预警，这也是中央气象台连续第25天发布暴雨预警。在一些地方，暴雨似乎就没...</abstract>
    </new>
    <new type="dict">
        <url type="str">https://news.sina.com.cn/s/2020-06-27/doc-iirczymk9166435.shtml</url>
        <title type="str">湖南慈利男子致1死3伤后出逃，警方悬赏增至十万元</title>
        <time type="str">2020/06/27</time>
        <cat type="str">社会万象</cat>
        <abstract type="str">　　原标题：湖南慈利男子致1死3伤后出逃，警方悬赏增至十万元　　悬赏通告　　2020年6月25日21时50分许，慈利县甘堰乡张家台村发生一起故意伤害案，致1人死亡，3人受伤。　　目前，公安机关正在全力...</abstract>
    </new>
    <new type="dict">
        <url type="str">https://news.sina.com.cn/c/xl/2020-06-27/doc-iircuyvk0610308.shtml</url>
        <title type="str">全面小康 一个少数民族也不能少</title>
        <time type="str">2020/06/27</time>
        <cat type="str">国内新闻</cat>
        <abstract type="str">　　原标题：全面小康 一个少数民族也不能少　　这是一首幸福之歌　　踏上幸福桥 道路越走越宽阔　　这是一首奋斗之歌　　古城雄姿 五彩缤纷披新装　　这是一首梦想之歌　　一个都不能少 追梦圆梦在今朝　　《阿...</abstract>
    </new>
    <new type="dict">
        <url type="str">https://news.sina.com.cn/c/2020-06-27/doc-iirczymk9159964.shtml</url>
        <title type="str">江苏发布暴雨警报</title>
        <time type="str">2020/06/27</time>
        <cat type="str">国内新闻</cat>
        <abstract type="str">　　原标题：江苏发布暴雨警报　　今天（27日）下午到夜里，江淮之间北部和淮北地区多云到阴有分散性雷阵雨，其他地区中到大雨，局部暴雨，全省偏东风3级左右，有雷雨时雷雨地区短时阵风7~8级。　　今天（27...</abstract>
    </new>
    <new type="dict">
        <url type="str">https://news.sina.com.cn/gov/2020-06-27/doc-iircuyvk0623678.shtml</url>
        <title type="str">105所高校通过认证 教育部公布一份重磅名单</title>
        <time type="str">2020/06/27</time>
        <cat type="str">新浪政务</cat>
        <abstract type="str">　　原标题：105所高校通过认证！教育部公布一份重磅名单　　教育部临床医学专业认证工作委员会公布了截至2019年底临床医学专业通过认证的普通高等学校名单。　　包括北京大学、浙江大学、同济大学、武汉大学...</abstract>
    </new>
    <new type="dict">
        <url type="str">https://news.sina.com.cn/w/2020-06-27/doc-iircuyvk0618954.shtml</url>
        <title type="str">多米尼加宣布将恢复航班</title>
        <time type="str">2020/06/27</time>
        <cat type="str">国际新闻</cat>
        <abstract type="str">　　原标题：多米尼加宣布将恢复航班　　多米尼加民航管理机构当地时间26日发表声明，证实该国将在7月1日恢复机场运营和全面开放航班服务，声明还称航班的恢复将在确保旅客安全、健康和信心的前提下进行。当地时...</abstract>
    </new>
    <new type="dict">
        <url type="str">https://news.sina.com.cn/w/2020-06-27/doc-iircuyvk0649315.shtml</url>
        <title type="str">美国连续三天刷新确诊增长纪录</title>
        <time type="str">2020/06/27</time>
        <cat type="str">国际新闻</cat>
        <abstract type="str">　　原标题：美国连续三天刷新确诊增长纪录　　据美国约翰斯·霍普金斯大学实时统计，截至美国东部时间6月26日晚10点33分，全美共报告新冠肺炎确诊2467404例，死亡125039例。美国《纽约时报》统...</abstract>
    </new>
    <new type="dict">
        <url type="str">https://news.sina.com.cn/s/2020-06-27/doc-iirczymk9076089.shtml</url>
        <title type="str">小哥在指挥长宣布北斗卫星发射成功时抢镜 却获表扬</title>
        <time type="str">2020/06/26</time>
        <cat type="str">社会万象</cat>
        <abstract type="str">　　原标题：指挥长宣布北斗卫星发射成功时被抢镜 小哥挨处分了吗？　　6月23日，北斗三号最后一颗全球组网卫星在西昌卫星发射中心发射成功。直播画面中，指挥长正对着镜头宣布，话音刚落，一位小哥激动地蹦起用...</abstract>
    </new>
    <new type="dict">
        <url type="str">https://news.sina.com.cn/w/2020-06-27/doc-iirczymk9160362.shtml</url>
        <title type="str">美宇航员出舱更换国际空间站电池 升级电源系统(图)</title>
        <time type="str">2020/06/27</time>
        <cat type="str">国际新闻</cat>
        <abstract type="str">　　原标题：美宇航员出舱更换国际空间站电池 升级电源系统（图）　　中新网6月27日电 据俄罗斯卫星网报道，当地时间26日，美国宇航员克里斯·卡西迪（Chris Cassidy）和鲍勃·本肯（Bob B...</abstract>
    </new>
    <new type="dict">
        <url type="str">https://news.sina.com.cn/o/2020-06-27/doc-iircuyvk0614376.shtml</url>
        <title type="str">中国禁毒主战场云南今年以来缴获毒品9.83吨</title>
        <time type="str">2020/06/27</time>
        <cat type="str">国内新闻</cat>
        <abstract type="str">　　原标题：中国禁毒主战场云南今年以来缴获毒品9.83吨　　中新网昆明6月27日电（记者 刀志楠）记者26日从云南省公安厅获悉，今年以来，云南省共破获毒品违法犯罪案件3944起，缴获毒品9.83吨，缴...</abstract>
    </new>
    <new type="dict">
        <url type="str">https://ent.sina.com.cn/tv/zy/2020-06-27/doc-iirczymk9158989.shtml</url>
        <title type="str">许魏洲发文回应：只是观后感 如对号入座就此打住</title>
        <time type="str">2020/06/27</time>
        <cat type="str">新浪娱乐</cat>
        <abstract type="str">　　新浪娱乐讯 今日，许魏洲[微博]更新微博，发文回应近日被指疑似内涵柴鸡蛋一事，表示当时只是想和粉丝们聊综艺节目的观后感，却被人解读成各种版本，“如果我说的话引发各路人士对号入座，那就算是我的错，请...</abstract>
    </new>
    <new type="dict">
        <url type="str">https://news.sina.com.cn/c/2020-06-27/doc-iirczymk9169891.shtml</url>
        <title type="str">北京东南部地区目前污染加重</title>
        <time type="str">2020/06/27</time>
        <cat type="str">国内新闻</cat>
        <abstract type="str">　　原标题：北京东南部地区目前污染加重　　来源：北京青年报　　北京青年报记者从市环保监测中心获悉，26日夜间起，北京市及京津冀东南部地区整体处于低压系统顶部或弱气压场控制，地面弱东风，湿度较大，不利于...</abstract>
    </new>
    <new type="dict">
        <url type="str">https://news.sina.com.cn/w/2020-06-27/doc-iirczymk9125889.shtml</url>
        <title type="str">默克尔：或将不得不“从根本上思考”与美国的关系</title>
        <time type="str">2020/06/27</time>
        <cat type="str">国际新闻</cat>
        <abstract type="str">　　原标题：默克尔：或将不得不“从根本上思考”与美国的关系　　美国总统特朗普22日证实，计划将驻扎在德国的美军数量从3.45万减少至2.5万，并批评德国联邦政府违背北约的约定，没能将军费开支提高到国内...</abstract>
    </new>
    <new type="dict">
        <url type="str">https://news.sina.com.cn/c/2020-06-27/doc-iircuyvk0590897.shtml</url>
        <title type="str">华为英国再“落子” 能绕开美国的打压吗？</title>
        <time type="str">2020/06/26</time>
        <cat type="str">国内新闻</cat>
        <abstract type="str">　　原标题：视频|华为英国再“落子” 能绕开美国的打压吗？　　当地时间6月25日，华为宣布其在英国剑桥的园区项目第一期规划，已获得当地政府批准，建成后该中心将成为华为海外光电子业务总部。　　“开绿灯”...</abstract>
    </new>
    <new type="dict">
        <url type="str">https://news.sina.com.cn/o/2020-06-27/doc-iirczymk9133395.shtml</url>
        <title type="str">美众议院表决通过将华盛顿特区设为美国第51个州</title>
        <time type="str">2020/06/27</time>
        <cat type="str">国际新闻</cat>
        <abstract type="str">　　原标题：美众议院表决通过将华盛顿特区设为美国第51个州　　中新社华盛顿6月26日电 （记者 沙晗汀）美国国会众议院当地时间26日表决通过法案，将美国首都华盛顿特区设为美国第51个州。接下来，参议院...</abstract>
    </new>
    <new type="dict">
        <url type="str">https://news.sina.com.cn/c/2020-06-27/doc-iircuyvk0616507.shtml</url>
        <title type="str">今明两天我国强降雨达鼎盛 江南华南高温持续发展</title>
        <time type="str">2020/06/27</time>
        <cat type="str">国内新闻</cat>
        <abstract type="str">　　原标题：今明两天我国强降雨达鼎盛 江南华南高温持续发展　　来源：央视新闻客户端　　今明天（27—28日），影响我国的这一轮强降雨将进入鼎盛时段，四川盆地、江汉、黄淮、江淮等地将自西向东迎来大到暴雨...</abstract>
    </new>
    <new type="dict">
        <url type="str">https://news.sina.com.cn/c/2020-06-27/doc-iircuyvk0654838.shtml</url>
        <title type="str">广州市报告新增境外输入确诊病例2例 详情公布</title>
        <time type="str">2020/06/27</time>
        <cat type="str">国内新闻</cat>
        <abstract type="str">　　原标题：广州市报告新增境外输入确诊病例2例 详情公布　　6月26日0时至24时，广州市报告新增境外输入确诊病例2例。新增出院病例1例。　　截至6月26日24时，累计报告境外输入确诊病例176例、境...</abstract>
    </new>
    <new type="dict">
        <url type="str">https://news.sina.com.cn/o/2020-06-27/doc-iircuyvk0643737.shtml</url>
        <title type="str">美疫苗专家状告特朗普政府</title>
        <time type="str">2020/06/27</time>
        <cat type="str">国际新闻</cat>
        <abstract type="str">　　原标题：美疫苗专家状告特朗普政府——　　参考消息网6月27日报道 据美联社华盛顿6月25日报道，一位在抗疫期间被赶下领导岗位的政府“吹哨人”当地时间25日声称，特朗普政府因其揭露美国应对疫情过程中...</abstract>
    </new>
    <new type="dict">
        <url type="str">https://news.sina.com.cn/o/2020-06-27/doc-iircuyvk0617182.shtml</url>
        <title type="str">韩检方调查审议委建议不公诉李在镕 终止相关调查</title>
        <time type="str">2020/06/27</time>
        <cat type="str">国际新闻</cat>
        <abstract type="str">　　原标题：韩检方调查审议委建议不公诉李在镕 终止相关调查　　中新网6月27日电 据韩媒报道，当地时间26日上午，韩国大检察厅调查审议委员会开会，审议检方针对涉嫌非法继承经营权的三星电子副会长李在镕提...</abstract>
    </new>
    <new type="dict">
        <url type="str">https://news.sina.com.cn/s/2020-06-27/doc-iircuyvk0609900.shtml</url>
        <title type="str">吉林通化致2人死亡重大刑事案，嫌疑人被抓获</title>
        <time type="str">2020/06/27</time>
        <cat type="str">社会万象</cat>
        <abstract type="str">　　原标题：吉林通化致2人死亡重大刑事案，嫌疑人被抓获　　6月15日，吉林通化辉南县样子哨镇附近发生一起重大刑事案件，两名受害人当场死亡。6月26日，通化公安通报，犯罪嫌疑人廉胡军被设伏的通化公安民警...</abstract>
    </new>
    <new type="dict">
        <url type="str">https://news.sina.com.cn/w/2020-06-27/doc-iirczymk9166955.shtml</url>
        <title type="str">伊拉克孩童在水中嬉戏突遇空袭 笑声变尖叫惊慌躲避</title>
        <time type="str">2020/06/27</time>
        <cat type="str">国际新闻</cat>
        <abstract type="str">　　原标题：巨大反差！伊拉克孩童在水中嬉戏突遇空袭 笑声变尖叫惊慌躲避　　6月25日在伊拉克北部库尔德地区的一处度假村里，一家人正在泳池玩耍时突遇空袭，现场出现长时间尖叫，幸运的是没有人员伤亡。此次空...</abstract>
    </new>
    <new type="dict">
        <url type="str">https://news.sina.com.cn/c/2020-06-27/doc-iircuyvk0628686.shtml</url>
        <title type="str">何福洲任江西赣州市委常委</title>
        <time type="str">2020/06/27</time>
        <cat type="str">国内新闻</cat>
        <abstract type="str">　　原标题：何福洲任赣州市委常委　　6月27日，记者获悉，何福洲已任赣州市委常委。此前，6月23日，赣州市第五届人民代表大会常务委员会第二十九次会议决定接受何福洲同志辞去赣州市人民政府副市长职务的请求...</abstract>
    </new>
    <new type="dict">
        <url type="str">https://news.sina.com.cn/w/2020-06-27/doc-iirczymk9163961.shtml</url>
        <title type="str">秘鲁政府宣布将全国紧急状态延至7月31日</title>
        <time type="str">2020/06/27</time>
        <cat type="str">国际新闻</cat>
        <abstract type="str">　　原标题：秘鲁政府宣布将全国紧急状态延至7月31日　　当地时间6月26日晚上，秘鲁政府颁布一项最高法令，将原定于本月30日到期的国家紧急状态延长至7月31日。根据最新规定，为进一步抗击新冠肺炎疫情，...</abstract>
    </new>
    <new type="dict">
        <url type="str">https://tech.sina.com.cn/d/a/2020-06-27/doc-iirczymk9150104.shtml</url>
        <title type="str">谁能看见紫外光+绿光？</title>
        <time type="str">2020/06/27</time>
        <cat type="str">新浪科技</cat>
        <abstract type="str">　　来源：原理　　在人类的视网膜附近有三种视锥细胞，分别是红色视锥、绿色视锥和蓝色视锥，它们对不同波长的光有不同的敏感度。　　不过，一些动物可以看到更宽的光谱，比如鸟类就拥有除上述三种视锥细胞之外的第...</abstract>
    </new>
    <new type="dict">
        <url type="str">https://news.sina.com.cn/s/2020-06-27/doc-iircuyvk0640867.shtml</url>
        <title type="str">1岁娃被锁车内妈妈竟坚持等钥匙 民警怒吼：砸！</title>
        <time type="str">2020/06/27</time>
        <cat type="str">社会万象</cat>
        <abstract type="str">　　原标题：1岁娃被锁车内，孩她妈竟坚持等钥匙，民警怒吼：砸！　　“幼童被反锁车内”　　“粗心家长将孩子遗落车内”　　“孩子拍车窗求救无果”　　近年来，这些关键词常常出现在我们的视线　　6月24日，曹...</abstract>
    </new>
    <new type="dict">
        <url type="str">https://news.sina.com.cn/w/2020-06-27/doc-iirczymk9175449.shtml</url>
        <title type="str">印度新增确诊18552例 累计超过50万例</title>
        <time type="str">2020/06/27</time>
        <cat type="str">国际新闻</cat>
        <abstract type="str">　　原标题：[战疫全时区]印度新增确诊18552例 累计超过50万例　　海外网6月27日电 印度卫生部官方网站公布的最新数据显示，截至当地时间6月27日上午，印度新冠肺炎确诊病例已升至508953例，...</abstract>
    </new>
    <new type="dict">
        <url type="str">https://mil.news.sina.com.cn/zhengming/2020-06-27/doc-iircuyvk0652030.shtml</url>
        <title type="str">印度大批军机飞向拉达克 想“洗刷耻辱”还得买买买</title>
        <time type="str">2020/06/27</time>
        <cat type="str">新浪军事</cat>
        <abstract type="str">　　来源：石江月　　除了印度陆军地面部队目前在拉达克正进行新的增援部署之外，印度空军和陆军航空兵部队也在加紧向拉达克方向调遣战斗机和直升机。　　据印度NDTV网站20日报道，当天在拉达克地区的列城上空...</abstract>
    </new>
    <new type="dict">
        <url type="str">https://news.sina.com.cn/s/2020-06-27/doc-iirczymk9066537.shtml</url>
        <title type="str">30个孩子的非洲矿工挖到两颗特大宝石获奖335万美元</title>
        <time type="str">2020/06/26</time>
        <cat type="str">社会万象</cat>
        <abstract type="str">　　原标题：30个孩子的矿工捡到两颗特大宝石获奖335万美元　　据英国《每日邮报》6月25日报道，近日，坦桑尼亚一名矿工因挖到两颗特大宝石一夜之间摇身一变成为百万富翁，这两颗特大宝石在交易市场上的最新...</abstract>
    </new>
    <new type="dict">
        <url type="str">https://news.sina.com.cn/w/2020-06-27/doc-iirczymk9157057.shtml</url>
        <title type="str">苏里南现儿童感染新冠肺炎病例  高考首次在线举行</title>
        <time type="str">2020/06/27</time>
        <cat type="str">国际新闻</cat>
        <abstract type="str">　　原标题：苏里南现儿童感染新冠肺炎病例 高考首次在线举行　　截至当地时间26日，苏里南新冠肺炎累计确诊病例上升至389例、死亡病例10例。当地一名6岁儿童也在感染者名单中，正在隔离治疗。其余密切接触...</abstract>
    </new>
    <new type="dict">
        <url type="str">https://news.sina.com.cn/s/2020-06-27/doc-iirczymk9135376.shtml</url>
        <title type="str">又见惊天骗局！三家银行被骗5.6亿，有“内鬼”相助</title>
        <time type="str">2020/06/27</time>
        <cat type="str">社会万象</cat>
        <abstract type="str">　　原标题：又见惊天骗局！一个人骗了民生、招行、广发行5.6亿，原来有“内鬼”相助　　近日，中国裁判文书网披露的一份二审刑事判决书，揭开了一起虚构业务交易，骗取银行承兑汇票的大案，南阳民生银行、郑州招...</abstract>
    </new>
    <new type="dict">
        <url type="str">https://ent.sina.com.cn/tv/zy/2020-06-27/doc-iirczymk9157920.shtml</url>
        <title type="str">亲眼看父母吵架离婚 林志颖：11岁前只记得不快乐</title>
        <time type="str">2020/06/27</time>
        <cat type="str">新浪娱乐</cat>
        <abstract type="str">　　新浪娱乐讯 据台湾媒体报道，林志颖参加综艺节目《婆婆和妈妈》，带着妈妈和妻子陈若仪一起去寻访小时候的住处，也聊起儿时的家庭回忆。他难得松口承认心里的伤痛，小时候经历父母吵架离异，其实过得并不是很开...</abstract>
    </new>
    <new type="dict">
        <url type="str">https://ent.sina.com.cn/v/m/2020-06-27/doc-iircuyvk0632095.shtml</url>
        <title type="str">不再隐秘的秦昊：多赚点钱才有资本“拒绝”</title>
        <time type="str">2020/06/27</time>
        <cat type="str">新浪娱乐</cat>
        <abstract type="str">　　作为今夏的爆款剧之一，《隐秘的角落》凭借扑朔迷离的剧情、优秀的主创阵容、考究的电影拍摄质感，迅速获得业内和观众的好评。也通过一句“一起爬山吗”，让演员秦昊的演技又一次获得观众认可。 　　再次出演网...</abstract>
    </new>
    <new type="dict">
        <url type="str">https://news.sina.com.cn/c/2020-06-27/doc-iirczymk9154517.shtml</url>
        <title type="str">警察献血反被辱！香港医管局：致歉并展开调查</title>
        <time type="str">2020/06/27</time>
        <cat type="str">国内新闻</cat>
        <abstract type="str">　　原标题：警察献血反被辱！香港医管局：致歉并展开调查　　近日，香港警察主动献血，却在献血站遭受侮辱一事引发众多香港市民愤怒。26日，香港医管局回应称，已就当天事情展开调查。医管局对此感到遗憾并向相关...</abstract>
    </new>
    <new type="dict">
        <url type="str">https://tech.sina.com.cn/d/i/2020-06-27/doc-iirczymk9152247.shtml</url>
        <title type="str">延长寿命，科学家在线粒体里找到了关键分子</title>
        <time type="str">2020/06/27</time>
        <cat type="str">新浪科技</cat>
        <abstract type="str">　　来源：学术经纬　　日前，来自南加州大学（USC）的一支科研团队在Aging期刊上发表论文，介绍了一种叫做humanin的线粒体多肽分子在调控寿命上的作用。“长久以来 ，人们就知道humanin可以...</abstract>
    </new>
    <new type="dict">
        <url type="str">https://sports.sina.com.cn/l/2020-06-27/doc-iircuyvk0558613.shtml</url>
        <title type="str">男子9元守号中大乐透1618万：曾因没坚持错失大奖</title>
        <time type="str">2020/06/27</time>
        <cat type="str">新浪体育</cat>
        <abstract type="str">　　编者按：来自浙江金华的资深彩民，购买体彩有15年了，凭借一张9元的单式票揽获大乐透1618万余元！领奖时他表示，之前曾经因为没有坚持守号错失过大奖，这次终于盼来了！中奖后，他第一时间便和老婆分享喜...</abstract>
    </new>
    <new type="dict">
        <url type="str">https://news.sina.com.cn/c/2020-06-27/doc-iircuyvk0651983.shtml</url>
        <title type="str">端午假期进入尾声 下午将出现返程高峰</title>
        <time type="str">2020/06/27</time>
        <cat type="str">国内新闻</cat>
        <abstract type="str">　　原标题：端午假期进入尾声 下午将出现返程高峰　　端午假期进入尾声，据公安部交管局最新统计，截至26日17时，全国道路交通平稳有序，未接报一次死亡5人以上道路交通事故，高速公路、国省道干线公路未发生...</abstract>
    </new>
    <new type="dict">
        <url type="str">https://ent.sina.com.cn/s/h/2020-06-27/doc-iirczymk9169225.shtml</url>
        <title type="str">赌王讣闻曝光四房并列为妻 神秘第十七子首曝光</title>
        <time type="str">2020/06/27</time>
        <cat type="str">新浪娱乐</cat>
        <abstract type="str">　　新浪娱乐讯 27日，据港媒报道，赌王何鸿燊于上个月病逝后，何家于今日在报章刊登讣闻，其中四房太太均以“妻”称呼，而关于子女数目也首次揭晓了赌王有十七名子女，并非公开的十六名引发不小的热议。　　这位...</abstract>
    </new>
    <new type="dict">
        <url type="str">https://news.sina.com.cn/s/2020-06-27/doc-iircuyvk0609694.shtml</url>
        <title type="str">男子节食54天后身亡，有30万学员的气功大师啥来头？</title>
        <time type="str">2020/06/27</time>
        <cat type="str">社会万象</cat>
        <abstract type="str">　　原标题：男子节食54天后身亡，有30万学员的气功大师到底啥来头？　　新京报记者 刘名洋 张静雅 王昆鹏　　新京报记者从铁力市委宣传部获悉，6月24日，铁力市公安局依法以涉嫌利用迷信致人死亡犯罪，对...</abstract>
    </new>
    <new type="dict">
        <url type="str">https://ent.sina.com.cn/s/m/2020-06-27/doc-iircuyvk0621072.shtml</url>
        <title type="str">警方披露卡姆涉毒被抓内幕：与特大贩毒案有关</title>
        <time type="str">2020/06/27</time>
        <cat type="str">新浪娱乐</cat>
        <abstract type="str">　　（原标题：脱口秀演员卡姆涉毒是怎么被抓的？这背后竟是一个特大贩毒网络！）　　备受关注的脱口秀演员卡姆涉嫌吸毒及容留他人吸毒案，已进入公诉阶段。很少人知道，这起案件其实只是一起特大贩毒案的“插曲”。...</abstract>
    </new>
    <new type="dict">
        <url type="str">https://news.sina.com.cn/s/2020-06-27/doc-iirczymk9157007.shtml</url>
        <title type="str">打捉鸡麻将，贵州15人因赌博被处罚！</title>
        <time type="str">2020/06/27</time>
        <cat type="str">社会万象</cat>
        <abstract type="str">　　原标题：打捉鸡麻将，贵州15人因赌博被处罚！　　来源：北京青年报　　近日，威宁县公安局六桥派出所接到群众举报称：在威宁县六桥街道新兴路老地税局后面有人赌博。　　接警后，六桥派出所民警和队员迅速赶到...</abstract>
    </new>
    <new type="dict">
        <url type="str">https://ent.sina.com.cn/tv/zy/2020-06-27/doc-iirczymk9164628.shtml</url>
        <title type="str">文笔超棒！许飞写长文告别乘风破浪的姐姐</title>
        <time type="str">2020/06/27</time>
        <cat type="str">新浪娱乐</cat>
        <abstract type="str">　　新浪娱乐讯 在6月26日播出的《乘风破浪的姐姐》一次公演舞台之后，许飞[微博]遭淘汰，遗憾暂别舞台。随后，许飞图文并茂地发长文记录了与每个姐姐相处的感受，文字细腻、真挚打动人心。　　在许飞的镜头下...</abstract>
    </new>
    <new type="dict">
        <url type="str">https://sports.sina.com.cn/g/pl/2020-06-27/doc-iircuyvk0609325.shtml</url>
        <title type="str">前主帅：利物浦的复兴 从卖掉库蒂尼奥开始</title>
        <time type="str">2020/06/27</time>
        <cat type="str">新浪体育</cat>
        <abstract type="str">　　利物浦前主帅罗杰斯认为，红军的复兴是从卖掉库蒂尼奥开始的。　　2013年1月，罗杰斯花费850万英镑买下库蒂尼奥，五年后，克洛普卖掉库蒂尼奥换回1.42亿英镑，后来用这笔钱陆续买下了范戴克等人。罗...</abstract>
    </new>
    <new type="dict">
        <url type="str">https://sports.sina.com.cn/g/seriea/2020-06-27/doc-iircuyvk0598795.shtml</url>
        <title type="str">意甲-C罗造点破门+造迪巴拉伊瓜因进球 尤文4-0胜</title>
        <time type="str">2020/06/27</time>
        <cat type="str">新浪体育</cat>
        <abstract type="str">　　北京时间6月27日3时45分（意大利当地时间26日21时45分），意甲第28轮先赛1场，尤文图斯主场4比0完胜莱切。本坦库尔上半时造红牌。下半时，C罗助攻迪巴拉打破僵局，随后造点主罚命中，终场前，...</abstract>
    </new>
    <new type="dict">
        <url type="str">https://news.sina.com.cn/c/2020-06-27/doc-iirczymk9127665.shtml</url>
        <title type="str">端午假期前两日国内游客达3707.7万人次</title>
        <time type="str">2020/06/27</time>
        <cat type="str">国内新闻</cat>
        <abstract type="str">　　原标题：端午假期前两日国内游客达3707.7万人次　　在过去的两天假期中，国内游客数量超过3700万人次。全国各地景区在继续做好疫情防控和安全保障措施的同时，积极推广游览预约制。　　文化和旅游部数...</abstract>
    </new>
    <new type="dict">
        <url type="str">https://news.sina.com.cn/w/2020-06-27/doc-iirczymk9122861.shtml</url>
        <title type="str">美国联邦法院裁决特朗普挪用资金建边境墙违法</title>
        <time type="str">2020/06/27</time>
        <cat type="str">国际新闻</cat>
        <abstract type="str">　　原标题：美国联邦法院裁决特朗普挪用资金建边境墙违法　　当地时间6月26日，美国联邦法院裁定，特朗普政府挪用五角大楼资金建立美国与墨西哥之间的边境墙属于违法行为。　　裁决认为，特朗普挪用国防、军事和...</abstract>
    </new>
    <new type="dict">
        <url type="str">https://tech.sina.com.cn/i/2020-06-27/doc-iircuyvk0606384.shtml</url>
        <title type="str">马斯克炮轰贝索斯：亚马逊收购Zoox是在盲目模仿</title>
        <time type="str">2020/06/27</time>
        <cat type="str">新浪科技</cat>
        <abstract type="str">　　相关新闻：亚马逊将收购Zoox：投入数倍资金发展无人驾驶技术　　新浪科技讯 北京时间6月27日早间消息，特斯拉CEO埃隆·马斯克（Elon Musk）周五发表推文称，亚马逊CEO杰夫·贝索斯（Je...</abstract>
    </new>
    <new type="dict">
        <url type="str">https://news.sina.com.cn/c/2020-06-27/doc-iirczymk9132174.shtml</url>
        <title type="str">中国驻加使馆:停止就康明凯、迈克尔案说三道四,立即释放孟晚舟</title>
        <time type="str">2020/06/27</time>
        <cat type="str">国内新闻</cat>
        <abstract type="str">　　原标题：中国驻加使馆：停止就康明凯、迈克尔案说三道四，立即释放孟晚舟　　海外网6月27日电 据中国驻加拿大使馆官方网站27日消息，近来，加拿大领导人多次就中国依法处理康明凯案、迈克尔案说三道四。加...</abstract>
    </new>
    <new type="dict">
        <url type="str">https://ent.sina.com.cn/tv/zy/2020-06-27/doc-iirczymk9164628.shtml</url>
        <title type="str">文笔超棒！许飞写长文告别乘风破浪的姐姐</title>
        <time type="str">2020/06/27</time>
        <cat type="str">新浪娱乐</cat>
        <abstract type="str">　　新浪娱乐讯 在6月26日播出的《乘风破浪的姐姐》一次公演舞台之后，许飞[微博]遭淘汰，遗憾暂别舞台。随后，许飞图文并茂地发长文记录了与每个姐姐相处的感受，文字细腻、真挚打动人心。　　在许飞的镜头下...</abstract>
    </new>
    <new type="dict">
        <url type="str">https://ent.sina.com.cn/tv/zy/2020-06-27/doc-iircuyvk0640777.shtml</url>
        <title type="str">王霏霏怼恶评回应“翻红”争议 好姐妹孟佳力挺</title>
        <time type="str">2020/06/27</time>
        <cat type="str">新浪娱乐</cat>
        <abstract type="str">　　新浪娱乐讯 6月27日，王霏霏发博回怼网络恶评，对于自己和孟佳被指来节目也不可能“翻红”的恶评，她表示“我们这么糊就放过我们吧，别来骂了，让大家见笑了！”而对于二人“塑料姐妹花”的说法，王霏霏霸气...</abstract>
    </new>
    <new type="dict">
        <url type="str">https://news.sina.com.cn/c/2020-06-27/doc-iircuyvk0652537.shtml</url>
        <title type="str">陕西启动重大气象灾害(暴雨)Ⅳ级应急响应</title>
        <time type="str">2020/06/27</time>
        <cat type="str">国内新闻</cat>
        <abstract type="str">　　原标题：陕西启动重大气象灾害（暴雨）Ⅳ级应急响应　　陕西省气象台发布暴雨蓝色预警，预计27日08时—28日08时延安西部、关中东部、陕南南部将出现大到暴雨。据此，陕西省气象局，汉中、安康、延安、渭...</abstract>
    </new>
    <new type="dict">
        <url type="str">https://ent.sina.com.cn/m/f/2020-06-27/doc-iircuyvk0644173.shtml</url>
        <title type="str">《比尔和泰德寻歌记》延期 将于8月28日北美公映</title>
        <time type="str">2020/06/27</time>
        <cat type="str">新浪娱乐</cat>
        <abstract type="str">　　新浪娱乐讯 6月27日，据外媒，基努里维斯联手亚历克斯·温特新作《比尔和泰德寻歌记》延期，将于8月28日北美公映。据悉，本片刚开始定档8月21日，后来发现疫情有好转于是提档一周至8月14日，后又因...</abstract>
    </new>
    <new type="dict">
        <url type="str">https://news.sina.com.cn/c/2020-06-27/doc-iircuyvk0640602.shtml</url>
        <title type="str">北京昌平区出现首例病例后，一社区单元楼已封闭管理</title>
        <time type="str">2020/06/27</time>
        <cat type="str">国内新闻</cat>
        <abstract type="str">　　原标题：北京昌平区出现首例病例后，一社区单元楼已封闭管理　　（健康时报记者 鲁洋）6月25日北京新增11例新冠确诊病例，昌平区出现首例确诊病例。6月26日北京市昌平区回龙观街道升级为疫情中风险地区...</abstract>
    </new>
    <new type="dict">
        <url type="str">https://news.sina.com.cn/c/2020-06-27/doc-iirczymk9110697.shtml</url>
        <title type="str">校园现“港独”标语，港大却不出手</title>
        <time type="str">2020/06/26</time>
        <cat type="str">国内新闻</cat>
        <abstract type="str">　　原标题：校园现“港独”标语，港大却不出手　　“港区国安法”将至，香港多所大学校园内出现含政治意味的标语，香港科技大学日前移除学生会有“港独”口号的宣传品。然而香港大学和香港教育大学内发现的涉修例及...</abstract>
    </new>
    <new type="dict">
        <url type="str">https://news.sina.com.cn/c/2020-06-27/doc-iircuyvk0611806.shtml</url>
        <title type="str">湖北省政府新增一“70后”领导</title>
        <time type="str">2020/06/27</time>
        <cat type="str">国内新闻</cat>
        <abstract type="str">　　原标题：湖北省政府新增一“70后”领导　　近日，“70后”国家市场监管总局标准技术管理司司长张文兵“空降”湖北，出任省政府党组成员。　　据《湖北日报》26日报道，6月23日，湖北全省文化和旅游重大...</abstract>
    </new>
    <new type="dict">
        <url type="str">https://news.sina.com.cn/w/2020-06-27/doc-iircuyvk0651748.shtml</url>
        <title type="str">爱尔兰三党批准组建联合政府协议</title>
        <time type="str">2020/06/27</time>
        <cat type="str">国际新闻</cat>
        <abstract type="str">　　原标题：爱尔兰三党批准组建联合政府协议　　新华社都柏林6月27日电（记者张琪）据爱尔兰国家广播电视公司26日报道，爱尔兰共和党、统一党和绿党当天分别投票通过了一份由三党共同组建联合政府的协议。根据...</abstract>
    </new>
    <new type="dict">
        <url type="str">https://news.sina.com.cn/w/2020-06-27/doc-iirczymk9114555.shtml</url>
        <title type="str">哈里王子夫妇找到工作了！880万元/次的工作</title>
        <time type="str">2020/06/26</time>
        <cat type="str">国际新闻</cat>
        <abstract type="str">　　原标题：哈里王子夫妇找到工作了！880万元/次的工作→　　据英国《每日邮报》网站近日报道，英国哈里王子夫妇已与知名演讲经纪公司哈里·沃克演讲局签约，夫妇二人将在会议和论坛等场合发表演讲或祝词，每次...</abstract>
    </new>
    <new type="dict">
        <url type="str">https://news.sina.com.cn/s/2020-06-27/doc-iircuyvk0653300.shtml</url>
        <title type="str">滴滴自动驾驶今日正式上线  冒雨“上路”直播</title>
        <time type="str">2020/06/27</time>
        <cat type="str">社会万象</cat>
        <abstract type="str">　　原标题：滴滴自动驾驶今日正式上线 冒雨“上路”直播　　今日上午，滴滴自动驾驶服务正式上线，开始在上海接受公众体验报名。央视新闻第一次对自动驾驶网约车在开放道路体验的全流程进行2小时的直播。直播过程...</abstract>
    </new>
    <new type="dict">
        <url type="str">https://news.sina.com.cn/s/2020-06-27/doc-iircuyvk0583635.shtml</url>
        <title type="str">13岁男生家中浴室自尽 曾用手机检索“如何捆绑”</title>
        <time type="str">2020/06/26</time>
        <cat type="str">社会万象</cat>
        <abstract type="str">　　原标题：安徽宣城13岁男生家中浴室自尽 曾用手机检索“如何捆绑”　　6月8日晚，安徽省宣城市第八小学五年级学生小羽在家中浴室上吊自杀，被家人发现后紧急送医，经两个多小时的抢救，最终还是离开了人世。...</abstract>
    </new>
    <new type="dict">
        <url type="str">https://sports.sina.com.cn/basketball/nba/2020-06-27/doc-iircuyvk0651637.shtml</url>
        <title type="str">神吐槽：快船队这是在学何金银的心理战术？</title>
        <time type="str">2020/06/27</time>
        <cat type="str">新浪体育</cat>
        <abstract type="str">　　吐槽不停，欢乐不止，2020年，新浪NBA神吐槽栏目继续登场！　　黄玖荒：勇士：没我啥事　　BrooklynYu-：活塞：在家呢兄弟　　寒韩寒：打到最后看哪个球队能上满7人就算赢了　　启动梦想26...</abstract>
    </new>
    <new type="dict">
        <url type="str">https://mil.news.sina.com.cn/dgby/2020-06-27/doc-iircuyvk0583737.shtml</url>
        <title type="str">抵制中国？印媒：最终伤害的会是印度</title>
        <time type="str">2020/06/26</time>
        <cat type="str">新浪军事</cat>
        <abstract type="str">　　海外网6月26日电 继一些印度民众鼓吹“抵制中国货”之后，“抵制中国人”又成为宣泄民族主义情绪的“新出口”。当地时间25日，印度首都新德里一个酒店和餐馆行业组织宣称，旗下数千家酒店将不再给中国公民...</abstract>
    </new>
    <new type="dict">
        <url type="str">https://news.sina.com.cn/s/2020-06-27/doc-iirczymk9155874.shtml</url>
        <title type="str">北青报：伤害苟晶的，是怎样一个“小社会”？</title>
        <time type="str">2020/06/27</time>
        <cat type="str">社会万象</cat>
        <abstract type="str">　　原标题：伤害苟晶的，是怎样一个“小社会”？　　想必大家都听说了济宁人苟晶被冒名顶替的故事。不瞒你说，这事儿我琢磨了两三天，脑子里还是一堆问号。这个故事如果编成话本小说，可能都不需要经过太多加工。　...</abstract>
    </new>
    <new type="dict">
        <url type="str">https://news.sina.com.cn/w/2020-06-27/doc-iircuyvk0653858.shtml</url>
        <title type="str">世卫拟筹集313亿美元应对新冠 包括采购20亿剂疫苗</title>
        <time type="str">2020/06/27</time>
        <cat type="str">国际新闻</cat>
        <abstract type="str">　　原标题：世卫拟筹集313亿美元应对新冠 包括采购20亿剂疫苗　　新华社日内瓦6月26日电（记者刘曲）世界卫生组织26日宣布，未来12个月将需要313亿美元用于开发和交付新冠药物、检测工具及疫苗，包...</abstract>
    </new>
    <new type="dict">
        <url type="str">https://news.sina.com.cn/w/2020-06-27/doc-iircuyvk0604904.shtml</url>
        <title type="str">美国走上英国老路了吗？</title>
        <time type="str">2020/06/27</time>
        <cat type="str">国际新闻</cat>
        <abstract type="str">　　原标题：美国走上英国老路了吗？　　来源：瞭望智库　　今年3月中旬，还在新冠肺炎疫情全球大流行的初期，中国就实现了“拉平曲线”，彼时，美国疫情初起，整体形势还远未明朗，但敏锐的分析人士已经感知到了重...</abstract>
    </new>
    <new type="dict">
        <url type="str">https://news.sina.com.cn/gov/2020-06-27/doc-iircuyvk0623678.shtml</url>
        <title type="str">105所高校通过认证 教育部公布一份重磅名单</title>
        <time type="str">2020/06/27</time>
        <cat type="str">新浪政务</cat>
        <abstract type="str">　　原标题：105所高校通过认证！教育部公布一份重磅名单　　教育部临床医学专业认证工作委员会公布了截至2019年底临床医学专业通过认证的普通高等学校名单。　　包括北京大学、浙江大学、同济大学、武汉大学...</abstract>
    </new>
    <new type="dict">
        <url type="str">https://news.sina.com.cn/w/2020-06-27/doc-iirczymk9149863.shtml</url>
        <title type="str">中国人还在过节，世界这几天却发生了重大变化！</title>
        <time type="str">2020/06/27</time>
        <cat type="str">国际新闻</cat>
        <abstract type="str">　　原标题：中国人还在过节，世界这几天却发生了重大变化！　　来源：牛弹琴　　看似很不经意的细节，其实透露出别有用意的风向。　　中国人还在过节，一个特殊时期的端午节，但世界这几天却发生了重大变化。　　确...</abstract>
    </new>
    <new type="dict">
        <url type="str">https://news.sina.com.cn/gov/2020-06-27/doc-iircuyvk0623678.shtml</url>
        <title type="str">105所高校通过认证 教育部公布一份重磅名单</title>
        <time type="str">2020/06/27</time>
        <cat type="str">新浪政务</cat>
        <abstract type="str">　　原标题：105所高校通过认证！教育部公布一份重磅名单　　教育部临床医学专业认证工作委员会公布了截至2019年底临床医学专业通过认证的普通高等学校名单。　　包括北京大学、浙江大学、同济大学、武汉大学...</abstract>
    </new>
    <new type="dict">
        <url type="str">https://tech.sina.com.cn/i/2020-06-27/doc-iirczymk9127104.shtml</url>
        <title type="str">瑞幸咖啡发布声明：将于6月29日停牌并进行退市备案</title>
        <time type="str">2020/06/27</time>
        <cat type="str">新浪科技</cat>
        <abstract type="str">　　新浪科技讯 北京时间6月27日消息，瑞幸咖啡发布声明称，公司将于6月29日在纳斯达克停牌，并进行退市备案。同时，瑞幸咖啡全国4000多家门店将正常运营。　　以下为瑞幸咖啡声明全文：　　瑞幸咖啡公司...</abstract>
    </new>
    <new type="dict">
        <url type="str">https://mil.news.sina.com.cn/china/2020-06-27/doc-iirczymk9170982.shtml</url>
        <title type="str">我军PCL09车载炮为何上高原 高低搭配火力覆盖没死角</title>
        <time type="str">2020/06/27</time>
        <cat type="str">新浪军事</cat>
        <abstract type="str">　　据《军事维基》网站报道，配属解放军西藏军区某旅的PCL09式车载自行火炮近期在海拔4700米高度进行了射击演习。这个型号提高了解放军在青藏高原地区的作战能力。该型号是从2017年开始装备驻藏部队的...</abstract>
    </new>
    <new type="dict">
        <url type="str">https://news.sina.com.cn/w/2020-06-27/doc-iircuyvk0640682.shtml</url>
        <title type="str">SpaceX再推迟发射第10批“星链”卫星 称需要检测</title>
        <time type="str">2020/06/27</time>
        <cat type="str">国际新闻</cat>
        <abstract type="str">　　原标题：SpaceX再推迟发射第10批“星链”卫星 称需要检测　　中新网6月27日电 据俄罗斯卫星网27日报道，美国太空探索技术公司（SpaceX）宣布，再次推迟发射第10批“星链”卫星，称需要更...</abstract>
    </new>
    <new type="dict">
        <url type="str">https://news.sina.com.cn/c/2020-06-27/doc-iirczymk9178189.shtml</url>
        <title type="str">辽宁新增1例俄罗斯输入无症状感染者</title>
        <time type="str">2020/06/27</time>
        <cat type="str">国内新闻</cat>
        <abstract type="str">　　原标题：辽宁新增1例俄罗斯输入无症状感染者　　6月26日0时至24时，辽宁省无新增新冠肺炎确诊病例，无新增治愈出院病例。新增无症状感染者1例（境外输入，为俄罗斯籍船员），为大连市报告病例。该无症状...</abstract>
    </new>
    <new type="dict">
        <url type="str">https://news.sina.com.cn/w/2020-06-27/doc-iirczymk9142964.shtml</url>
        <title type="str">高尔夫球都不打了！特朗普刚刚推特上发出最新威胁！</title>
        <time type="str">2020/06/27</time>
        <cat type="str">国际新闻</cat>
        <abstract type="str">　　原标题：高尔夫球都不打了！特朗普刚刚推特上发出最新威胁！　　当地时间26日晚些时候，美国总统特朗普发出最新威胁，其发推表示，自己已签署一项行政命令，来保护美国的纪念碑、纪念馆和雕像，并警告那些对此...</abstract>
    </new>
    <new type="dict">
        <url type="str">https://news.sina.com.cn/c/2020-06-27/doc-iircuyvk0636332.shtml</url>
        <title type="str">北京新发地疫情半月全分析</title>
        <time type="str">2020/06/27</time>
        <cat type="str">国内新闻</cat>
        <abstract type="str">　　原标题：北京新发地疫情半月全分析　　6月11日0时至6月25日24时，北京累计报告本地确诊病例280例。知道君（微信号：北京知道）梳理了发布会通报以及病例活动过的小区，获得了259个确诊病例信息，...</abstract>
    </new>
    <new type="dict">
        <url type="str">https://news.sina.com.cn/s/2020-06-27/doc-iircuyvk0590466.shtml</url>
        <title type="str">四川首例！医生8小时将整根主动脉换成人工血管</title>
        <time type="str">2020/06/27</time>
        <cat type="str">社会万象</cat>
        <abstract type="str">　　原标题：四川首例！8小时将整根主动脉换成人工血管　　半年治疗周期、两周推演定方案、1米手术切口、8小时手术台奋战……为彻底解除马凡氏综合征患者血管病变带来的猝死风险，成都市第三人民医院多学科团队协...</abstract>
    </new>
    <new type="dict">
        <url type="str">https://news.sina.com.cn/s/2020-06-27/doc-iirczymk9116451.shtml</url>
        <title type="str">辅警因疏忽将邻居家小孩反锁车内数小时死亡 被刑拘</title>
        <time type="str">2020/06/27</time>
        <cat type="str">社会万象</cat>
        <abstract type="str">　　原标题：警情通报　　来源：平江发布　　警 情 通 报　　6月25日16时50分许，我局长寿派出所接到该所辅警饶某（男，25岁，平江县长寿镇人）报警称：由于其疏忽，将邻居家小孩何某威（男，4岁，平江...</abstract>
    </new>
    <new type="dict">
        <url type="str">https://news.sina.com.cn/c/2020-06-27/doc-iirczymk9170973.shtml</url>
        <title type="str">香港发展前景 什么让英国学者马丁-雅克难以回答？</title>
        <time type="str">2020/06/27</time>
        <cat type="str">国内新闻</cat>
        <abstract type="str">　　原标题：全球连屏丨香港发展前景 什么让英国学者马丁·雅克难以回答？　　今年“两会”期间，中国全国人大审议通过了涉港国安立法的决定。目前，全国人大常委会正在审议相关法案草案。但国际社会上，仍有一些带...</abstract>
    </new>
    <new type="dict">
        <url type="str">https://sports.sina.com.cn/g/pl/2020-06-27/doc-iirczymk9130112.shtml</url>
        <title type="str">阿布时代切尔西10大最差引援：6大神锋都失意</title>
        <time type="str">2020/06/27</time>
        <cat type="str">新浪体育</cat>
        <abstract type="str">　　英国《镜报》评阿布拉莫维奇时代切尔西最差十大引援。　　托雷斯　　2011年以5千万英镑买入，但他在利物浦后期已显现出下滑迹象。2015年离开斯坦福桥，总共只为蓝军打进过20个英超进球。　　凯帕　　...</abstract>
    </new>
    <new type="dict">
        <url type="str">https://news.sina.com.cn/c/2020-06-27/doc-iircuyvk0650087.shtml</url>
        <title type="str">俄罗斯战略研究所专家：涉港国安立法完全合理合法</title>
        <time type="str">2020/06/27</time>
        <cat type="str">国内新闻</cat>
        <abstract type="str">　　原标题：俄罗斯战略研究所专家：涉港国安立法完全合理合法　　俄罗斯战略研究所研究员别利亚耶夫表示，涉港国安立法保障香港稳定和国家安全，这完全合理并且非常必要。美国国会参议院打着“民主”等幌子来炒作这...</abstract>
    </new>
    <new type="dict">
        <url type="str">https://news.sina.com.cn/c/2020-06-27/doc-iircuyvk0636441.shtml</url>
        <title type="str">甘肃新增1例境外输入确诊病例，来自沙特</title>
        <time type="str">2020/06/27</time>
        <cat type="str">国内新闻</cat>
        <abstract type="str">　　原标题：甘肃新增1例境外输入确诊病例，来自沙特　　6月15日沙特利雅得-兰州MU7792次航班253名入境人员中，今日无新增确诊病例。目前，该航班累计确诊病例19人，其中2人已治愈出院并转入集中隔...</abstract>
    </new>
    <new type="dict">
        <url type="str">https://news.sina.com.cn/w/2020-06-27/doc-iirczymk9140187.shtml</url>
        <title type="str">墨西哥新增5441例新冠肺炎确诊病例 累计208392例</title>
        <time type="str">2020/06/27</time>
        <cat type="str">国际新闻</cat>
        <abstract type="str">　　原标题：墨西哥新增5441例新冠肺炎确诊病例 累计208392例　　墨西哥卫生部宣布，截止到当地时间6月26日晚7时，墨西哥全国累计确诊208392例新冠肺炎病例，较前一天新增5441例。　　同时...</abstract>
    </new>
    <new type="dict">
        <url type="str">https://news.sina.com.cn/o/2020-06-27/doc-iirczymk9151339.shtml</url>
        <title type="str">应急管理部：引导社会应急力量参与防汛抗旱工作</title>
        <time type="str">2020/06/27</time>
        <cat type="str">国内新闻</cat>
        <abstract type="str">　　原标题：应急管理部：引导社会应急力量参与防汛抗旱工作　　中新网6月27日电 据国家应急管理部网站消息，为进一步引导社会应急力量参与防汛抗旱工作，应急管理部日前下发《关于进一步引导社会应急力量参与防...</abstract>
    </new>
    <new type="dict">
        <url type="str">https://tech.sina.com.cn/d/v/2020-06-27/doc-iirczymk9148656.shtml</url>
        <title type="str">塑料瓶的“快乐水”为什么会没内味了</title>
        <time type="str">2020/06/27</time>
        <cat type="str">新浪科技</cat>
        <abstract type="str">　　来源：科学大院　　夏天到了，若论起解暑饮料，梅林觉得还是被称为“肥宅快乐水”的可乐汽水最有代表性。甜味和焦糖的香味受到气泡的激发，像是一颗颗小炸弹在舌面迸发，满足感瞬间弥漫在口腔里，又被上升的二氧...</abstract>
    </new>
    <new type="dict">
        <url type="str">https://news.sina.com.cn/w/2020-06-27/doc-iirczymk9133046.shtml</url>
        <title type="str">几内亚新增49例新冠肺炎确诊病例 累计确诊5260例</title>
        <time type="str">2020/06/27</time>
        <cat type="str">国际新闻</cat>
        <abstract type="str">　　原标题：几内亚新增49例新冠肺炎确诊病例 累计确诊5260例　　当地时间6月26日，据几内亚国家卫生安全署（ANSS）消息称，6月25日，几内亚新增49例新冠肺炎确诊病例，治愈201例。截至6月2...</abstract>
    </new>
    <new type="dict">
        <url type="str">https://news.sina.com.cn/s/2020-06-27/doc-iircuyvk0549305.shtml</url>
        <title type="str">班主任带大汉跨省堵门，两次被顶替上大学女子喊话</title>
        <time type="str">2020/06/26</time>
        <cat type="str">社会万象</cat>
        <abstract type="str">　　原标题：班主任带大汉跨省堵门，两次被顶替女子喊话　　近日，山东济宁女子苟晶23年前疑两次上大学遭顶替的事件备受关注。6月25日，苟晶接受采访时表示，发帖后当年让女儿顶替自己上学的班主任邱印林（化名...</abstract>
    </new>
    <new type="dict">
        <url type="str">https://tech.sina.com.cn/d/s/2020-06-27/doc-iircuyvk0621831.shtml</url>
        <title type="str">如何给太阳做“CT”？</title>
        <time type="str">2020/06/27</time>
        <cat type="str">新浪科技</cat>
        <abstract type="str">　　来源：中国科学院光电技术研究所　　2016年，中国科学院光电技术研究所太阳高分辨力成像研究团队成功研制了当时世界上通道数最多的太阳大气多波段层析成像系统，媒体报道说给太阳做 “CT”。但是为什么可...</abstract>
    </new>
    <new type="dict">
        <url type="str">https://news.sina.com.cn/w/2020-06-27/doc-iirczymk9139578.shtml</url>
        <title type="str">美认为中国应由于俄拥有中程导弹而同意参加军控谈判</title>
        <time type="str">2020/06/27</time>
        <cat type="str">国内新闻</cat>
        <abstract type="str">　　原标题：美国认为中国应由于俄罗斯导弹而同意参加军控谈判　　俄罗斯卫星通讯社6月26日消息，美国总统军控问题特使马歇尔·比林斯利认为，考虑到俄罗斯拥有中程导弹，中国应该接受关于参加美俄战略稳定谈判的...</abstract>
    </new>
    <new type="dict">
        <url type="str">https://news.sina.com.cn/c/2020-06-27/doc-iircuyvk0603601.shtml</url>
        <title type="str">6月27日北京疫情早报</title>
        <time type="str">2020/06/27</time>
        <cat type="str">国内新闻</cat>
        <abstract type="str">　　原标题：一图速览│6月27日北京疫情早报　　北京本次疫情排除武汉流行毒株或动物病毒外溢导致；海淀一食品公司员工被诊断为无症状感染者，10天后确诊；张连明任新发地农产品市场中心总经理。一图速览北京疫...</abstract>
    </new>
    <new type="dict">
        <url type="str">https://ent.sina.com.cn/tv/zy/2020-06-27/doc-iircuyvk0640777.shtml</url>
        <title type="str">王霏霏怼恶评回应“翻红”争议 好姐妹孟佳力挺</title>
        <time type="str">2020/06/27</time>
        <cat type="str">新浪娱乐</cat>
        <abstract type="str">　　新浪娱乐讯 6月27日，王霏霏发博回怼网络恶评，对于自己和孟佳被指来节目也不可能“翻红”的恶评，她表示“我们这么糊就放过我们吧，别来骂了，让大家见笑了！”而对于二人“塑料姐妹花”的说法，王霏霏霸气...</abstract>
    </new>
    <new type="dict">
        <url type="str">https://news.sina.com.cn/gov/2020-06-27/doc-iircuyvk0624024.shtml</url>
        <title type="str">端午假期多地促消费措施助力内需恢复</title>
        <time type="str">2020/06/27</time>
        <cat type="str">新浪政务</cat>
        <abstract type="str">　　原标题：补贴让利、直播推广……一系列促消费措施助力内需恢复 消费回暖 潜力释放　　本报记者 闫 旭 朱荣鹏 王 沛 毕京津 刘新吾　　端午假期，多地出台一系列促进消费的举措，企业商家也多管齐下，有...</abstract>
    </new>
    <new type="dict">
        <url type="str">https://news.sina.com.cn/w/2020-06-27/doc-iircuyvk0593330.shtml</url>
        <title type="str">福奇：部分美国地区新冠肺炎疫情“问题严重”</title>
        <time type="str">2020/06/27</time>
        <cat type="str">国际新闻</cat>
        <abstract type="str">　　原标题：福奇：部分美国地区新冠肺炎疫情“问题严重”　　当地时间6月26日，美国疾控中心官员和国家过敏症和传染病研究所所长安东尼·福奇在当日的白宫疫情简报会上表示，新冠肺炎疫情反弹数据说明美国部分地...</abstract>
    </new>
    <new type="dict">
        <url type="str">https://news.sina.com.cn/o/2020-06-27/doc-iirczymk9150737.shtml</url>
        <title type="str">华为获准在英国建研发中心 美官员“打招呼”过问</title>
        <time type="str">2020/06/27</time>
        <cat type="str">国内新闻</cat>
        <abstract type="str">　　原标题：华为获准在英国建研发中心 美官员“打招呼”过问　　参考消息网6月27日报道 英媒称，华为在英国南剑桥郡建设新研发中心的规划申请已获批准，它还宣布将把最初的投资增加一倍，达到10亿英镑（1英...</abstract>
    </new>
    <new type="dict">
        <url type="str">https://ent.sina.com.cn/tv/zy/2020-06-27/doc-iirczymk9158989.shtml</url>
        <title type="str">许魏洲发文回应：只是观后感 如对号入座就此打住</title>
        <time type="str">2020/06/27</time>
        <cat type="str">新浪娱乐</cat>
        <abstract type="str">　　新浪娱乐讯 今日，许魏洲[微博]更新微博，发文回应近日被指疑似内涵柴鸡蛋一事，表示当时只是想和粉丝们聊综艺节目的观后感，却被人解读成各种版本，“如果我说的话引发各路人士对号入座，那就算是我的错，请...</abstract>
    </new>
    <new type="dict">
        <url type="str">https://mil.news.sina.com.cn/zhengming/2020-06-27/doc-iircuyvk0651596.shtml</url>
        <title type="str">印度增兵边境做出两个冒险动作 附近村民已被疏散</title>
        <time type="str">2020/06/27</time>
        <cat type="str">新浪军事</cat>
        <abstract type="str">　　来源：石江月　　本来以为中印在喜马拉雅山区拉达克附近的对峙正走向和平解决，谁知道6月15日晚间到凌晨，中印边境人员一场激烈的肢体冲突让矛盾陡然升级。　　先是印度军方在16日公布了3名印度军人死亡。...</abstract>
    </new>
</news>
